substation,division,town,trans_feeders,subtrans_feeders,dist_feeders,banks,rated voltage,rated mva,circuits,customers served,age,v1,v2,v3,mva1,mva2,mva3,mva4,mva5,v1_bigger
AKWESASNE,Central,Massena,1,2,3,1,115/34.5,20/26.67/33.33,6,670,2008-06-21,115.0,34.5,0.0,20,26.67,33.33,0,0,True
AKWESASNE,Central,Massena,1,2,3,1,115/4.8,10/12.5,0,670,2008-06-21,115.0,4.8,0.0,10,12.5,0,0,0,True
PARTRIDGE ST.,East,Albany,0,5,10,1,34.5/13.8,3.75/4.69,15,7155,2003-02-24,34.5,13.8,0.0,3.75,4.69,0,0,0,True
ALBION SUBSTATION NO. 80,West,Albion,0,3,4,1,34.5/4.8,3.75,7,2368,1996-01-01,34.5,4.8,0.0,3.75,0,0,0,0,True
ALBION SUBSTATION NO. 80,West,Albion,0,3,4,1,34.5/4.8,3.75/5.25,0,2368,1996-01-01,34.5,4.8,0.0,3.75,5.25,0,0,0,True
ALDER CREEK,Central,Boonville,0,2,1,1,43.8/13.8,3.75/4.2,3,2126,1975-01-01,43.8,13.8,0.0,3.75,4.2,0,0,0,True
ALDER CREEK,Central,Boonville,0,2,1,3,46/4.8,0.5,0,2126,1975-01-01,46.0,4.8,0.0,0.5,0,0,0,0,True
ALTAMONT,East,Guilderland,2,1,3,1,115/13.8,12/16/20,6,5257,1975-01-01,115.0,13.8,0.0,12,16,20,0,0,True
ALTAMONT,East,Guilderland,2,1,3,3,115/34.5,5,0,5257,1975-01-01,115.0,34.5,0.0,5,0,0,0,0,True
ANDOVER,West,Andover,2,0,2,1,115/34.5,20/26.7,4,516,1957-08-27,115.0,34.5,0.0,20,26.7,0,0,0,True
ANDOVER,West,Andover,2,0,2,1,34.5/4.8,1,0,516,1957-08-27,34.5,4.8,0.0,1,0,0,0,0,True
ANTWERP,Central,Amtwerp,0,1,1,1,23/4.8,3.75,2,638,1994-01-01,23.0,4.8,0.0,3.75,0,0,0,0,True
BALMAT,Central,Fowler,1,2,1,3,23/.277/.480,1,4,647,2003-03-20,23.0,0.277,0.48,1,0,0,0,0,True
ARNOLD,Central,Utica,0,1,2,1,43.8/13.8,5/6.250,3,1969,1966-01-01,43.8,13.8,0.0,5,6.250,0,0,0,True
ARNOLD,Central,Utica,0,1,2,1,46/4.16,5/6.250,0,1969,1966-01-01,46.0,4.16,0.0,5,6.250,0,0,0,True
ASH STREET,Central,Syracuse,3,1,3,2,115/12,24/32/40,7,10413,1993-01-01,115.0,12.0,0.0,24,32,40,0,0,True
ASH STREET,Central,Syracuse,3,1,3,1,115/13.8,20/26.7/33.3,0,10413,1993-01-01,115.0,13.8,0.0,20,26.7,33.3,0,0,True
ASH STREET,Central,Syracuse,3,1,3,1,115/34.5,30/40/50,0,10413,1993-01-01,115.0,34.5,0.0,30,40,50,0,0,True
ASH STREET,Central,Syracuse,3,1,3,1,115/34.5,30/40/50/56,0,10413,1993-01-01,115.0,34.5,0.0,30,40,50,56,0,True
ASH STREET,Central,Syracuse,3,1,3,1,115/13.8,20/26.7/33.3,0,10413,1993-01-01,115.0,13.8,0.0,20,26.7,33.3,0,0,True
ASH STREET,Central,Syracuse,3,1,3,1,34.5/4.16,7.5/9.375,0,10413,1993-01-01,34.5,4.16,0.0,7.5,9.375,0,0,0,True
ASH STREET,Central,Syracuse,3,1,3,2,34.5/4.16,7.5/9.4,0,10413,1993-01-01,34.5,4.16,0.0,7.5,9.4,0,0,0,True
ASHLEY,East,Fort Ann,0,1,1,1,34.5/13.8,7.5,2,1237,1991-01-01,34.5,13.8,0.0,7.5,0,0,0,0,True
ATTICA STATION,West,Attica,0,4,3,1,34.5/4.8,5/6.25,7,2616,1965-01-01,34.5,4.8,0.0,5,6.25,0,0,0,True
AUSABLE FORKS,Central,Black Brook,0,1,1,1,46/4.8,2.5,2,646,2005-11-07,46.0,4.8,0.0,2.5,0,0,0,0,True
AVENUE A,East,Albany,0,2,6,2,34.5/4.16,5/6.25,8,3649,1958-01-01,34.5,4.16,0.0,5,6.25,0,0,0,True
AVON,West,Avon,0,1,3,1,34.5/4.8,3.75,4,2678,1960-01-01,34.5,4.8,0.0,3.75,0,0,0,0,True
STATION 150,West,Busti,2,0,3,1,115/13.8,15/20/25,5,5946,1991-05-20,115.0,13.8,0.0,15,20,25,0,0,True
BALLINA,Central,Cazenovia,1,0,1,1,34.5/13.8,5.6,2,1406,1982-01-01,34.5,13.8,0.0,5.6,0,0,0,0,True
BALLSTON,East,Ballston Spa,2,5,4,1,115/13.8,12/16/22.4,11,6947,2002-08-02,115.0,13.8,0.0,12,16,22.4,0,0,True
BALLSTON,East,Ballston Spa,2,5,4,1,115/34.5/13.8,30/40/50,0,6947,2002-08-02,115.0,34.5,13.8,30,40,50,0,0,True
BARKER STATION,West,Somerset,0,2,3,1,34.5/4.8,3.75,5,1407,1976-01-01,34.5,4.8,0.0,3.75,0,0,0,0,True
BARTELL,Central,Cicero,2,1,3,1,115/13.8,15/20/25,6,7326,1990-01-01,115.0,13.8,0.0,15,20,25,0,0,True
BASOM STATION,West,Alabama,0,2,2,2,34.5/4.8,1.5,4,787,1953-01-01,34.5,4.8,0.0,1.5,0,0,0,0,True
BATAVIA STATION,West,Batavia,4,3,4,2,115/13.8,20/26.7/33.3,11,7437,1964-07-15,115.0,13.8,0.0,20,26.7,33.3,0,0,True
BATAVIA STATION,West,Batavia,4,3,4,2,115/34.5,15/20,0,7437,1964-07-15,115.0,34.5,0.0,15,20,0,0,0,True
BATTENKILL,East,Easton,3,2,4,1,115/34.5/13.8,30/40/50,9,4940,1966-02-17,115.0,34.5,13.8,30,40,50,0,0,True
BATTENKILL,East,Easton,3,2,4,1,115/13.8,12/16/20,0,4940,1966-02-17,115.0,13.8,0.0,12,16,20,0,0,True
BELMONT,Central,Clay,2,0,7,1,115/13.8,20/26/33,9,11169,2001-12-01,115.0,13.8,0.0,20,26,33,0,0,True
BELMONT,Central,Clay,2,0,7,1,116/13.8,18/24/30,0,11169,2001-12-01,116.0,13.8,0.0,18,24,30,0,0,True
STATION 159,West,Ellery,0,2,3,1,34.5/4.8,3.75/4.2,5,2069,1972-01-01,34.5,4.8,0.0,3.75,4.2,0,0,0,True
BENNETT RD.,West,Dunkirk,2,0,6,1,115/13.8,12/16/20,8,5220,1971-09-22,115.0,13.8,0.0,12,16,20,0,0,True
BENNETT RD.,West,Dunkirk,2,0,6,1,115/13.8,13.4/17.9/22.4,0,5220,1971-09-22,115.0,13.8,0.0,13.4,17.9,22.4,0,0,True
BERRY ROAD,West,Pomfret,2,0,3,1,115/13.8,15/20/25,5,6429,1991-12-01,115.0,13.8,0.0,15,20,25,0,0,True
BETHLEHEM,East,Bethlehem,2,5,3,1,115/13.8,15/20/25,10,3686,2011-04-07,115.0,13.8,0.0,15,20,25,0,0,True
BETHLEHEM,East,Bethlehem,2,5,3,1,115/34.4/13.8,30/40/50,0,3686,2011-04-07,115.0,34.4,13.8,30,40,50,0,0,True
BETHLEHEM,East,Bethlehem,2,5,3,1,115/34.5/4.8,30/40/50,0,3686,2011-04-07,115.0,34.5,4.8,30,40,50,0,0,True
Birch Avenue,East,Lake George,0,2,2,1,34.5/13.8,10/12.5,4,2543,1996-01-01,34.5,13.8,0.0,10,12.5,0,0,0,True
Bloomingdale Mobile Sub,Central,St. Armand,4,0,1,1,46/4.8,2.5,5,892,2004-03-01,46.0,4.8,0.0,2.5,0,0,0,0,True
BLUE STORES,East,Livingston,2,0,3,1,115/13.8,12/16/20,5,5221,1971-01-21,115.0,13.8,0.0,12,16,20,0,0,True
BOLTON,East,Bolton,0,1,3,1,34.4/13.8,10/12.5,4,3963,1985-01-01,34.4,13.8,0.0,10,12.5,0,0,0,True
BOMBAY E.S.,Central,Bombay,0,2,1,1,34.5/4.8,2.5,3,619,2003-10-01,34.5,4.8,0.0,2.5,0,0,0,0,True
BOYNTONVILLE,East,Pittstown,0,1,1,1,115/13.8,7.5,2,2139,1963-01-01,115.0,13.8,0.0,7.5,0,0,0,0,True
BRADY,Central,Madrid,2,0,1,1,115/13.8,15/20/25,3,4205,1994-10-06,115.0,13.8,0.0,15,20,25,0,0,True
BRASHER,Central,Brasher,0,2,2,3,34.5/4.8,2,4,1367,2006-07-28,34.5,4.8,0.0,2,0,0,0,0,True
BREMEN,Central,New Bremen,2,0,2,1,110/13.8,5/6.25/7,4,2631,1966-01-01,110.0,13.8,0.0,5,6.25,7,0,0,True
BREWERTON,Central,Cicero,0,1,2,1,34.5/4.8,3.75,3,563,1957-01-01,34.5,4.8,0.0,3.75,0,0,0,0,True
BRIDGE ST.,Central,Dewitt,2,0,4,1,115/13.8,18/24/33.6,6,1623,1975-01-01,115.0,13.8,0.0,18,24,33.6,0,0,True
BRIDGEPORT,Central,Sullivan,1,0,2,1,113/13.8,13.4/17.9/22.4,3,5727,2004-06-22,113.0,13.8,0.0,13.4,17.9,22.4,0,0,True
BRIER HILL,Central,Morristown,0,1,1,1,23/4.8,1,2,636,1969-01-01,23.0,4.8,0.0,1,0,0,0,0,True
BRIGHTON AVE,Central,Syracuse,4,1,5,6,34.5/4.16,2,10,5236,1929-01-01,34.5,4.16,0.0,2,0,0,0,0,True
BROCKPORT,West,Sweden,2,3,5,1,115/13.8,13.4/17.9/22.4,10,10233,1973-07-31,115.0,13.8,0.0,13.4,17.9,22.4,0,0,True
BROCKPORT,West,Sweden,2,3,5,1,115/13.8,15/20/25,0,10233,1973-07-31,115.0,13.8,0.0,15,20,25,0,0,True
BROCKPORT,West,Sweden,2,3,5,1,115/34.5,15/20,0,10233,1973-07-31,115.0,34.5,0.0,15,20,0,0,0,True
BROCKPORT,West,Sweden,2,3,5,1,115/34.5,15/20/25,0,10233,1973-07-31,115.0,34.5,0.0,15,20,25,0,0,True
BROOK ROAD,East,Saratoga Springs,2,3,8,2,115/13.8,20/26.7/33.3,13,14700,2001-12-31,115.0,13.8,0.0,20,26.7,33.3,0,0,True
BROOK ROAD,East,Saratoga Springs,2,3,8,1,115/34.5,30/40/50,0,14700,2001-12-31,115.0,34.5,0.0,30,40,50,0,0,True
BRUNSWICK,East,Brunswick,0,1,2,1,34.4/13.8,7.5/10.5,3,3837,1971-01-01,34.4,13.8,0.0,7.5,10.5,0,0,0,True
BUCKLEYS,East,Greenport,1,0,1,1,113/13.8,7.5/8.4/10.5,2,769,1995-01-01,113.0,13.8,0.0,7.5,8.4,10.5,0,0,True
BUCKLEY,Central,Clay,0,1,4,1,34.5/4.8,5/6.25,5,1203,1958-01-01,34.5,4.8,0.0,5,6.25,0,0,0,True
BURDECK ST,East,Rotterdam,2,0,4,1,115/13.8,12/16/20/22.4,6,6440,1973-01-01,115.0,13.8,0.0,12,16,20,22.4,0,True
BURGOYNE,East,Kingsbury,2,0,3,1,115/13.8,22.4,5,7336,1972-05-01,115.0,13.8,0.0,22.4,0,0,0,0,True
BUSTI,West,Busti,0,2,1,1,34.5/4.8,1.5,3,723,1970-01-01,34.5,4.8,0.0,1.5,0,0,0,0,True
BUTLER,East,Moreau,2,0,2,1,115/13.8,12/16,4,5996,1969-12-02,115.0,13.8,0.0,12,16,0,0,0,True
BUTTERNUT,Central,Dewitt,2,0,3,1,113/13.8,12/16/20,5,3398,1969-06-10,113.0,13.8,0.0,12,16,20,0,0,True
BUTTS RD,West,Albion,0,2,2,1,34.4/13.8,5.25,4,1223,2009-10-20,34.4,13.8,0.0,5.25,0,0,0,0,True
BUTTS RD,West,Albion,0,2,2,1,34.5/13.8,3.75/5.25,0,1223,2009-10-20,34.5,13.8,0.0,3.75,5.25,0,0,0,True
BYRON STATION,West,Byron,1,0,2,2,34.5/4.8,1.5,3,988,1971-01-01,34.5,4.8,0.0,1.5,0,0,0,0,True
CAMILLUS,Central,Camillus,0,1,2,3,34.5/4.16,1.25,3,863,1959-01-01,34.5,4.16,0.0,1.25,0,0,0,0,True
CARDIFF,Central,Lafayette,0,1,1,1,34.5/4.16,0.333,2,475,1956-01-01,34.5,4.16,0.0,0.333,0,0,0,0,True
CARDIFF,Central,Lafayette,0,1,1,2,34.5/4.16,0.667,0,475,1956-01-01,34.5,4.16,0.0,0.667,0,0,0,0,True
CAROGA,East,Caroga,0,1,1,1,23/4.8,2.5/3.1,2,2150,1956-01-01,23.0,4.8,0.0,2.5,3.1,0,0,0,True
CARTHAGE,Central,Wilna,1,5,3,3,23/4.8,2,9,1181,1955-01-01,23.0,4.8,0.0,2,0,0,0,0,True
CASSADAGA,West,Stockton,0,3,2,1,34.5/4.8,3.75,5,2064,2005-04-22,34.5,4.8,0.0,3.75,0,0,0,0,True
CASTLETON,East,Schodack,0,1,2,1,34.5/4.8,1,3,1320,1948-10-08,34.5,4.8,0.0,1,0,0,0,0,True
CATTARAUGUS,West,New Albion,0,2,2,1,34.5/4.8,2.5,4,1284,1984-01-01,34.5,4.8,0.0,2.5,0,0,0,0,True
CAVANAUGH,Central,Marcy,1,0,4,1,115/13.8,15/20/25,5,4942,1996-07-26,115.0,13.8,0.0,15,20,25,0,0,True
CAZENOVIA,Central,Cazenovia,0,1,3,1,34.5/4.8,1.25,4,941,1961-01-01,34.5,4.8,0.0,1.25,0,0,0,0,True
CAZENOVIA,Central,Cazenovia,0,1,3,2,34.5/4.8,1.25,0,941,1961-01-01,34.5,4.8,0.0,1.25,0,0,0,0,True
CEDAR,East,Cedar,2,0,3,1,115/13.8,0.25,5,6785,1993-01-01,115.0,13.8,0.0,0.25,0,0,0,0,True
CENTER ST.,East,Center St.,2,0,3,1,115/13.8,15/20/25,5,3177,1992-01-01,115.0,13.8,0.0,15,20,25,0,0,True
CENTRAL SQUARE,Central,Central Square,0,2,1,1,34.5/4.8,2.5,3,674,1957-01-01,34.5,4.8,0.0,2.5,0,0,0,0,True
CHADWICKS,Central,Chadwicks,1,0,4,1,115/13.8,12/16/20,5,8758,1974-08-25,115.0,13.8,0.0,12,16,20,0,0,True
CHARLEY LAKE,East,Charley Lake,0,1,1,1,23/2.4,0.1,2,64,1990-01-01,23.0,2.4,0.0,0.1,0,0,0,0,True
CHASM FALLS,Central,Malone,0,1,1,1,34.5/13.8,5,2,1204,1988-01-01,34.5,13.8,0.0,5,0,0,0,0,True
CHAUTAUQUA,West,Chautauqua,0,2,2,1,34.4/.5,7.5/9.3,4,2000,2012-05-17,34.4,0.5,0.0,7.5,9.3,0,0,0,True
CHESTERTOWN,East,Chester,0,3,2,1,34.5/13.8,7.5/9.3/10.5,5,3991,1972-01-01,34.5,13.8,0.0,7.5,9.3,10.5,0,0,True
CHITTENANGO,Central,Sullivan,0,1,2,1,34.4/4.8,3.75,3,1919,1959-01-01,34.4,4.8,0.0,3.75,0,0,0,0,True
CHRISLER AVE,East,Schenectady,0,1,3,2,34.5/4.16,3/3.65,4,2281,1957-01-01,34.5,4.16,0.0,3,3.65,0,0,0,True
CHURCH ST,East,Amsterdam,2,0,7,1,115/13.8,12/16/20,9,8412,2012-06-20,115.0,13.8,0.0,12,16,20,0,0,True
CHURCH ST,East,Amsterdam,2,0,7,1,115/13.8,18/24/30,0,8412,2012-06-20,115.0,13.8,0.0,18,24,30,0,0,True
CLEVELAND,Central,Constantia,0,1,1,3,34.5/4.8,0.83,2,1163,1978-01-01,34.5,4.8,0.0,0.83,0,0,0,0,True
CLINTON ERCC,East,Canajoharie,2,0,2,1,115/13.8,12,4,2989,1969-01-01,115.0,13.8,0.0,12,0,0,0,0,True
CLINTON CRCC,Central,Kirkland,0,2,4,1,46/13.8,7.5/9.4/10.5,6,2886,1969-01-01,46.0,13.8,0.0,7.5,9.4,10.5,0,0,True
CLOVERBANK,West,Hamburg,2,0,4,2,115/13.8,10/12.5,6,4882,1961-10-27,115.0,13.8,0.0,10,12.5,0,0,0,True
Clymer,West,Clymer,0,2,2,1,34.5/4.8,3.75,4,879,2000-01-01,34.5,4.8,0.0,3.75,0,0,0,0,True
COBLESKILL,East,Cobleskill,2,0,3,1,69/4.8,5,5,2372,1960-09-01,69.0,4.8,0.0,5,0,0,0,0,True
COBLESKILL,East,Cobleskill,2,0,3,3,69/4.8,0.833,0,2372,1960-09-01,69.0,4.8,0.0,0.833,0,0,0,0,True
COFFEEN,Central,Watertown,4,2,6,1,115/13.8,12/16/22.4,12,6702,1972-06-05,115.0,13.8,0.0,12,16,22.4,0,0,True
COFFEEN,Central,Watertown,4,2,6,1,115/13.8,15/20/25,0,6702,1972-06-05,115.0,13.8,0.0,15,20,25,0,0,True
COFFEEN,Central,Watertown,4,2,6,2,115/23,15/20/25,0,6702,1972-06-05,115.0,23.0,0.0,15,20,25,0,0,True
COLLINS,West,Collins,0,2,2,1,34.5/4.8,3.75/4.69,4,1831,1978-01-01,34.5,4.8,0.0,3.75,4.69,0,0,0,True
COLLINSVILLE,Central,West Turin,0,1,3,1,23/4.8,3.75/4.7,4,1759,1970-01-01,23.0,4.8,0.0,3.75,4.7,0,0,0,True
COLOSSE,Central,Mexico,0,1,1,1,34.5/13.8,5.6/7.0,2,2836,1982-01-01,34.5,13.8,0.0,5.6,7.0,0,0,0,True
COLVIN AVE,East,Albany,0,3,3,1,34.5/4.16,5/6.25,6,2096,2006-10-11,34.5,4.16,0.0,5,6.25,0,0,0,True
COMMERCE AVE,East,Albany,0,1,2,1,34.5/13.8/7.9,7.5/8.4,3,722,1988-01-01,34.5,13.8,7.9,7.5,8.4,0,0,0,True
COMSTOCK,East,Fort Ann,1,0,1,1,115/4.8,3.75,2,435,1956-01-01,115.0,4.8,0.0,3.75,0,0,0,0,True
CONESUS LAKE,West,Conesus,0,1,3,1,34.5/4.8,2.5,4,1673,1967-05-23,34.5,4.8,0.0,2.5,0,0,0,0,True
CONKLING,Central,Utica,0,1,4,1,43.8/4.36,5/6.25,5,3611,1956-01-01,43.8,4.36,0.0,5,6.25,0,0,0,True
CONSTANTIA,Central,Constantia,0,1,1,1,34.5/4.16,3/3.65,2,810,1979-01-01,34.5,4.16,0.0,3,3.65,0,0,0,True
CORFU STATION,West,Pembroke,0,2,2,2,34.5/4.8,1.5,4,757,1974-01-01,34.5,4.8,0.0,1.5,0,0,0,0,True
CORINTH,East,Corinth,0,1,2,1,34.5/13.8,7.5/9.375/10.5,3,4013,1992-01-01,34.5,13.8,0.0,7.5,9.375,10.5,0,0,True
CORLISS PARK,East,Troy,0,1,3,1,34.5/4.16,5/6.25,4,2566,1963-11-01,34.5,4.16,0.0,5,6.25,0,0,0,True
CORTLAND,Central,Cortlandville,2,0,4,2,115/34.5,30/40/50,6,2403,1962-02-01,115.0,34.5,0.0,30,40,50,0,0,True
CORTLAND,Central,Cortlandville,2,0,4,3,34.5/4.8,1.667/1.9,0,2403,1962-02-01,34.5,4.8,0.0,1.667,1.9,0,0,0,True
CROWN POINT,East,Crown Point,1,0,1,1,115/13.8,7.5/9.375,2,1221,2007-07-01,115.0,13.8,0.0,7.5,9.375,0,0,0,True
CUBA LAKE,West,Cuba,0,1,2,1,34.5/4.8,2.5,3,1527,1964-01-01,34.5,4.8,0.0,2.5,0,0,0,0,True
CUBA,West,Cuba,0,2,3,1,34.4/5.04,3.75/4.688,5,1315,2010-02-05,34.4,5.04,0.0,3.75,4.688,0,0,0,True
CURRY RD,East,Rotterdam,2,0,6,1,115/13.8,18/24/30,8,11369,1969-10-01,115.0,13.8,0.0,18,24,30,0,0,True
CURRY RD,East,Rotterdam,2,0,6,1,115/13.8,20/26.7/33.3,0,11369,1969-10-01,115.0,13.8,0.0,20,26.7,33.3,0,0,True
CUYLER,Central,Cuyler,0,1,1,6,34.5/4.16,0.2,2,417,1970-01-01,34.5,4.16,0.0,0.2,0,0,0,0,True
DARIEN STATION,West,Darien,0,2,2,1,34.5/4.8,3.75,4,1283,1993-01-01,34.5,4.8,0.0,3.75,0,0,0,0,True
DAVID,Central,Ogdensburg,0,1,3,3,23/4.8,2,4,1049,1960-01-01,23.0,4.8,0.0,2,0,0,0,0,True
DEBALSO SUBSTATION,Central,New Hartford,1,0,3,1,115/13.8,15/20/25,4,4929,1992-07-06,115.0,13.8,0.0,15,20,25,0,0,True
DEERFIELD,Central,Deerfield,3,4,3,1,115/13.8,12/16/20,10,4206,2001-06-28,115.0,13.8,0.0,12,16,20,0,0,True
DEERFIELD,Central,Deerfield,3,4,3,1,115/46,20,0,4206,2001-06-28,115.0,46.0,0.0,20,0,0,0,0,True
DEKALB E.S.,Central,Dekalb,2,0,2,1,115/13.8,7.5/10.5,4,1778,1990-01-01,115.0,13.8,0.0,7.5,10.5,0,0,0,True
DELAMETER RD,West,Evans,0,2,4,1,115/13.8,12/16/20,6,8448,1974-10-01,115.0,13.8,0.0,12,16,20,0,0,True
DELANSON,East,Duanesburg,1,0,2,1,69/13.8,0,3,4074,2012-03-28,69.0,13.8,0.0,0,0,0,0,0,True
DELAWARE AVE,East,Albany,0,2,4,1,34.4/13.8,10/12.5,6,3394,2005-07-15,34.4,13.8,0.0,10,12.5,0,0,0,True
DELAWARE AVE,East,Albany,0,2,4,1,34.5/4.16,5/6.25,0,3394,2005-07-15,34.5,4.16,0.0,5,6.25,0,0,0,True
DELEVAN,West,Yorkshire,0,1,2,2,34.5/4.8,1.5,3,1579,1953-01-01,34.5,4.8,0.0,1.5,0,0,0,0,True
DELMAR,East,Bethlehem,0,2,6,1,34.4/4.8,5/6.25,8,2543,1960-07-01,34.4,4.8,0.0,5,6.25,0,0,0,True
DELMAR,East,Bethlehem,0,2,6,1,34.5/4.8,5/6.25,0,2543,1960-07-01,34.5,4.8,0.0,5,6.25,0,0,0,True
DELPHI,Central,Cazenovia,2,0,2,1,113/13.8,7.5/8.4,4,2972,1970-01-01,113.0,13.8,0.0,7.5,8.4,0,0,0,True
Depot Substation,East,Guilderland,0,1,2,1,34.5/13.8,3.5,3,113,2000-10-01,34.5,13.8,0.0,3.5,0,0,0,0,True
DEXTER,Central,Hounsfield,0,1,1,1,23/4.8,0.833,2,246,1960-01-01,23.0,4.8,0.0,0.833,0,0,0,0,True
DEXTER,Central,Hounsfield,0,1,1,2,23/4.8,0.833,0,246,1960-01-01,23.0,4.8,0.0,0.833,0,0,0,0,True
DORWIN,Central,Onondaga,0,4,2,1,34.5/4.16,5,6,2171,1961-01-01,34.5,4.16,0.0,5,0,0,0,0,True
DUGAN RD.,West,Olean,2,0,6,1,115/13.8,15/20/25,8,5190,1991-05-21,115.0,13.8,0.0,15,20,25,0,0,True
DUGAN RD.,West,Olean,2,0,6,1,115/13.8,15/20/25,0,5190,1991-05-21,115.0,13.8,0.0,15,20,25,0,0,True
DUGUID,Central,Manlius,1,0,5,1,115/13.8,20/26/33,6,9851,1999-02-12,115.0,13.8,0.0,20,26,33,0,0,True
E.J. WEST HYDRO,East,Hadley,1,0,1,1,115/13.8,6/7.5,2,1225,2006-10-05,115.0,13.8,0.0,6,7.5,0,0,0,True
EAGLE BA,Central,Inlet,1,0,2,3,46/4.8,1.25,3,2129,1957-01-01,46.0,4.8,0.0,1.25,0,0,0,0,True
EAGLE HARBOR,West,Albion,0,2,2,1,34.5/4.8,2.5,4,1188,1972-01-01,34.5,4.8,0.0,2.5,0,0,0,0,True
E BATAVIA STATION,West,Batavia,2,0,4,2,115/13.8,20/26.67/33.33,6,6289,2009-05-27,115.0,13.8,0.0,20,26.67,33.33,0,0,True
E. DUNKIRK,West,Dunkirk,2,0,5,1,113/13.8,7.5/8.4,7,3086,2010-10-07,113.0,13.8,0.0,7.5,8.4,0,0,0,True
E. DUNKIRK,West,Dunkirk,2,0,5,1,113/13.8,7.5/8.4,0,3086,2010-10-07,113.0,13.8,0.0,7.5,8.4,0,0,0,True
EAST FULTON SUBSTATION,Central,Volney,0,1,2,1,34.5/4.8,3.75,3,1402,1954-01-01,34.5,4.8,0.0,3.75,0,0,0,0,True
EAST GOLAH,West,Rush,2,0,6,1,115/13.8,15/20/25,8,7521,2011-05-09,115.0,13.8,0.0,15,20,25,0,0,True
EAST GOLAH,West,Rush,2,0,6,1,115/13.8,20/26.7/33.3,0,7521,2011-05-09,115.0,13.8,0.0,20,26.7,33.3,0,0,True
EAST MOLLOY ROAD,Central,Dewitt,2,0,4,1,115/13.8,15,6,2340,2002-07-15,115.0,13.8,0.0,15,0,0,0,0,True
EAST NORFOLK,Central,Norfolk,0,1,2,3,23/4.8,1,3,1377,1972-01-01,23.0,4.8,0.0,1,0,0,0,0,True
EAST OTTO,West,East Otto,0,2,2,1,34.5/4.8,2.5,4,906,1958-01-01,34.5,4.8,0.0,2.5,0,0,0,0,True
EAST PULASKI,Central,Richland,1,0,2,1,115/13.8,7.5/9.4,3,3744,1988-01-01,115.0,13.8,0.0,7.5,9.4,0,0,0,True
EAST SCHODACK,East,Schodack,0,1,1,1,34.5/4.8,3.75/4.687,2,550,1991-01-01,34.5,4.8,0.0,3.75,4.687,0,0,0,True
EAST SPRINGFIELD,East,Springfield,2,0,1,1,115/13.8,6/7.5,3,1105,2005-11-13,115.0,13.8,0.0,6,7.5,0,0,0,True
EAST SYRACUSE,Central,Dewitt,0,1,4,1,34.5/4.16,5/6.3,5,2008,1959-01-01,34.5,4.16,0.0,5,6.3,0,0,0,True
EAST WATERTOWN,Central,Watertown,2,0,4,1,115/13.8,12/16/20,6,6630,1973-01-01,115.0,13.8,0.0,12,16,20,0,0,True
EAST WORCESTER,East,Worcester,0,1,1,1,34.5/13.8/4.8,5,2,756,1993-01-01,34.5,13.8,4.8,5,0,0,0,0,True
EDEN CENTER,West,Eden,0,1,2,1,34.5/4.8,3.75,3,1859,1960-01-01,34.5,4.8,0.0,3.75,0,0,0,0,True
EDEN CENTER,West,Eden,0,1,2,1,345/120/13.8,400/448,0,1859,1960-01-01,345.0,120.0,13.8,400,448,0,0,0,True
EDEN CENTER,West,Eden,0,1,2,1,345/230/13.2,340/443,0,1859,1960-01-01,345.0,230.0,13.2,340,443,0,0,0,True
EDWARDS,Central,Edwards,0,1,1,1,34.5/4.8,1/1.15,2,664,1957-01-01,34.5,4.8,0.0,1,1.15,0,0,0,True
ELBA STATION,West,Elba,0,2,1,2,34.5/4.8,1.5,3,938,1952-01-01,34.5,4.8,0.0,1.5,0,0,0,0,True
ELLICOTT,West,Ellicott,0,2,1,1,34.5/4.8,2.5/3.13,3,770,1975-01-01,34.5,4.8,0.0,2.5,3.13,0,0,0,True
ELM STREET,Central,Malone,0,2,2,2,34.4/4.8,1.67/1.92,4,1725,1963-10-01,34.4,4.8,0.0,1.67,1.92,0,0,0,True
ELM STREET,Central,Malone,0,2,2,1,34.5/4.8,1.67/1.92,0,1725,1963-10-01,34.5,4.8,0.0,1.67,1.92,0,0,0,True
ELNORA,East,Clifton Park,1,0,4,1,115/13.8,15/20/25,5,5469,2000-09-29,115.0,13.8,0.0,15,20,25,0,0,True
ELSMERE,East,Bethlehem,0,1,2,1,34.5/4.8,7.5/9.375,3,1312,1971-01-01,34.5,4.8,0.0,7.5,9.375,0,0,0,True
EMMET,East,Schenectady,0,3,6,1,34.5/4.16,3/3.65,9,3699,1954-01-01,34.5,4.16,0.0,3,3.65,0,0,0,True
EMMET,East,Schenectady,0,3,6,1,34.5/4.16,3/6.25,0,3699,1954-01-01,34.5,4.16,0.0,3,6.25,0,0,0,True
EPHRATAH,East,Ephratah,2,1,2,1,69/23/13.2,5,5,944,2007-10-01,69.0,23.0,13.2,5,0,0,0,0,True
EPHRATAH,East,Ephratah,2,1,2,3,69/4.8,1.67,0,944,2007-10-01,69.0,4.8,0.0,1.67,0,0,0,0,True
EUCLID,Central,Clay,2,0,6,2,115/13.8,20/26.7/33.3,8,10360,1988-07-11,115.0,13.8,0.0,20,26.7,33.3,0,0,True
EVERETT RD,East,Colonie,1,0,4,1,115/13.8,15/20/25,5,4706,1990-01-01,115.0,13.8,0.0,15,20,25,0,0,True
FABIUS,Central,Fabius,0,2,1,1,34.4/4.8,0.83,3,476,1959-01-01,34.4,4.8,0.0,0.83,0,0,0,0,True
FABIUS,Central,Fabius,0,2,1,2,34.5/4.8,0.83,0,476,1959-01-01,34.5,4.8,0.0,0.83,0,0,0,0,True
FAIRDALE,Central,Hannibal,0,1,2,1,34.5/4.8,2.5/3.125,3,1578,1956-01-01,34.5,4.8,0.0,2.5,3.125,0,0,0,True
FARMERSVILLE,West,Farmersville,0,1,2,3,34.5/4.8,0.833,3,1071,1966-01-01,34.5,4.8,0.0,0.833,0,0,0,0,True
FARNAN RD Mini,East,Moreau,0,1,1,1,34.5/13.8,0.5,2,1025,1992-10-01,34.5,13.8,0.0,0.5,0,0,0,0,True
FAYETTE STREET,Central,Syracuse,0,4,13,2,34.5/4.16,12/16/20,17,7041,1967-01-01,34.5,4.16,0.0,12,16,20,0,0,True
FINE,Central,Fine,0,1,1,1,34.5/4.8,1,2,402,1952-01-01,34.5,4.8,0.0,1,0,0,0,0,True
FINDLEY LAKE,West,Mina,0,1,2,1,34.5/4.8,2.5,3,992,1969-01-01,34.5,4.8,0.0,2.5,0,0,0,0,True
FIREHOUSE,East,Halfmoon,2,0,2,1,115/13.8,15/20/25,4,4492,1991-01-01,115.0,13.8,0.0,15,20,25,0,0,True
FISHER,Central,Cortlandville,0,1,2,1,34.5/13.8,5/6.25,3,2439,1972-01-01,34.5,13.8,0.0,5,6.25,0,0,0,True
FLORIDA,East,Florida,1,0,2,1,69/13.2,11.2/14,3,2538,2011-12-16,69.0,13.2,0.0,11.2,14,0,0,0,True
FLY RD.,Central,Dewitt,2,0,4,1,115/13.8,20/26.67/33.33,6,3756,2008-03-01,115.0,13.8,0.0,20,26.67,33.33,0,0,True
FT. COVINGTON,Central,Fort Covington,0,1,1,1,34.4/13.8,5/6.25,2,1066,1969-01-01,34.4,13.8,0.0,5,6.25,0,0,0,True
FORT GAGE,East,Lake George,0,2,1,1,34.4/13.8,5/5.6/7,3,2088,1968-02-01,34.4,13.8,0.0,5,5.6,7,0,0,True
FORTS FERRY,East,Colonie,2,0,4,1,115/13.8,15/20/25,6,2146,2006-03-30,115.0,13.8,0.0,15,20,25,0,0,True
FRANKFORT,Central,Frankfort,0,1,2,1,46/4.16,3.75/4.68,3,773,1968-01-01,46.0,4.16,0.0,3.75,4.68,0,0,0,True
FRANKLIN,Central,Franklin,0,2,0,1,46/4.8,0.25,2,184,1992-01-01,46.0,4.8,0.0,0.25,0,0,0,0,True
FRANKLIN,Central,Franklin,0,2,0,1,46/4.8,0.25,0,184,1992-01-01,46.0,4.8,0.0,0.25,0,0,0,0,True
FRANKLINVILLE,West,Franklinville,0,2,3,1,34.4/5.04,3.75/4.69,5,2548,2004-09-02,34.4,5.04,0.0,3.75,4.69,0,0,0,True
STATION 56,West,French Creek,0,1,1,1,34.5/13.8,3.75,2,537,1973-01-01,34.5,13.8,0.0,3.75,0,0,0,0,True
FRENCH MOUNTAIN,East,Queensbury,0,1,1,1,34.5/13.8,5,2,598,2006-06-02,34.5,13.8,0.0,5,0,0,0,0,True
FREWSBURG,West,Carroll,0,2,3,1,34.5/4.8,5.6/7.0,5,2069,1985-01-01,34.5,4.8,0.0,5.6,7.0,0,0,0,True
FRONT ST,East,Schenectady,2,0,10,1,115/13.8,24/35.8/44.8,12,6666,1992-01-01,115.0,13.8,0.0,24,35.8,44.8,0,0,True
FRONT ST,East,Schenectady,2,0,10,1,115/13.8,26.9/35.8/44.8,0,6666,1992-01-01,115.0,13.8,0.0,26.9,35.8,44.8,0,0,True
GABRIELS,Central,Brighton,1,2,1,1,46/4.8,1.28,4,639,1991-01-01,46.0,4.8,0.0,1.28,0,0,0,0,True
GALEVILLE,Central,Salina,0,1,3,1,34.5/4.16,5,4,1713,1959-01-01,34.5,4.16,0.0,5,0,0,0,0,True
GASPORT,West,Royalton,0,2,2,1,34.5/5.04,3.75/4.68,4,1711,2005-05-01,34.5,5.04,0.0,3.75,4.68,0,0,0,True
GENESEE ST.,East,Albany,0,2,6,2,34.5/4.16,5/6.25,8,1653,1991-01-01,34.5,4.16,0.0,5,6.25,0,0,0,True
GENESEO,West,Geneseo,0,2,2,1,34.5/13.8,3.75,4,815,1973-01-01,34.5,13.8,0.0,3.75,0,0,0,0,True
GILBERT MILLS,Central,Schroeppel,2,0,2,1,115/13.8,7.5/9.4,4,4392,1968-01-01,115.0,13.8,0.0,7.5,9.4,0,0,0,True
GILMANTOWN,East,Lake Pleasant,0,1,2,1,23/13.8,0.5,3,2112,1995-11-02,23.0,13.8,0.0,0.5,0,0,0,0,True
GILPIN BAY,Central,Santa Clara,1,1,1,1,46/4.8,5,3,939,1989-01-01,46.0,4.8,0.0,5,0,0,0,0,True
GLENS FALLS,East,Glens Falls,0,6,4,1,34.5/4.16,2.83/3.2,10,994,1998-01-01,34.5,4.16,0.0,2.83,3.2,0,0,0,True
GLENS FALLS,East,Glens Falls,0,6,4,1,34.5/4.8,3.75,0,994,1998-01-01,34.5,4.8,0.0,3.75,0,0,0,0,True
GLENWOOD,Central,Syracuse,0,1,3,1,34.5/4.16,5/6.25,4,2779,1960-09-01,34.5,4.16,0.0,5,6.25,0,0,0,True
GLOVERSVILLE,East,Gloversville,0,2,8,1,69/13.8,15/20/25,10,7932,1996-01-01,69.0,13.8,0.0,15,20,25,0,0,True
GLOVERSVILLE,East,Gloversville,0,2,8,1,69/4.16/13.2,8.4/10.5,0,7932,1996-01-01,69.0,4.16,13.2,8.4,10.5,0,0,0,True
GRANBY CENTER,Central,Granby,0,1,1,1,34.5/13.8,5/6.25,2,2184,1974-01-01,34.5,13.8,0.0,5,6.25,0,0,0,True
GRAND ST.,East,Cobleskill,1,0,2,1,69/13.8,5,3,1789,1987-01-01,69.0,13.8,0.0,5,0,0,0,0,True
GREENBUSH,East,East Greenbush,7,5,7,1,113/13.8,18/24/30,19,8595,1970-04-04,113.0,13.8,0.0,18,24,30,0,0,True
GREENBUSH,East,East Greenbush,7,5,7,2,115/34.5/13.8,30/40/50,0,8595,1970-04-04,115.0,34.5,13.8,30,40,50,0,0,True
GREENBUSH,East,East Greenbush,7,5,7,1,115/13.8,20/26/33,0,8595,1970-04-04,115.0,13.8,0.0,20,26,33,0,0,True
GREENHURST,West,Ellery,0,2,2,1,34.5/4.8,2.5,4,832,1989-01-01,34.5,4.8,0.0,2.5,0,0,0,0,True
GROOMS,East,Clifton Park,2,0,6,2,115/13.8,20.2/26.9/33.6,8,12907,1974-01-01,115.0,13.8,0.0,20.2,26.9,33.6,0,0,True
GROVELAND,West,Groveland,0,1,1,1,34.5/4.8,0.75,2,174,2002-11-12,34.5,4.8,0.0,0.75,0,0,0,0,True
HAGUE,East,Ticonderoga,2,0,4,1,115/13.8,13.4/17.9/22.4,6,5038,1974-07-01,115.0,13.8,0.0,13.4,17.9,22.4,0,0,True
HAMMOND,Central,Hammond,0,1,2,1,23/4.8,3.75/5.25,3,1607,1996-01-01,23.0,4.8,0.0,3.75,5.25,0,0,0,True
HANCOCK,Central,Salina,0,2,3,2,34.5/4.16,1.25,5,1154,1953-01-01,34.5,4.16,0.0,1.25,0,0,0,0,True
HANCOCK,Central,Salina,0,2,3,1,34.5/4.16,1.67,0,1154,1953-01-01,34.5,4.16,0.0,1.67,0,0,0,0,True
HARRIS ROAD,Central,Onondaga,1,4,5,1,115/13.8,20/26.7/33.3,10,8631,2007-08-01,115.0,13.8,0.0,20,26.7,33.3,0,0,True
HARRIS ROAD,Central,Onondaga,1,4,5,1,115/34.5,20/26.7,0,8631,2007-08-01,115.0,34.5,0.0,20,26.7,0,0,0,True
HARTFIELD,West,Chautauqua,1,0,2,1,113/13.8,7.5/9.4,3,1529,1956-06-12,113.0,13.8,0.0,7.5,9.4,0,0,0,True
HARTFIELD,West,Chautauqua,1,0,2,1,115/34.5,15/20,0,1529,1956-06-12,115.0,34.5,0.0,15,20,0,0,0,True
HEMLOCK,West,Livonia,0,1,1,1,34.5/13.8,3.75/4.2/4.68/5,2,657,1992-01-01,34.5,13.8,0.0,3.75,4.2,4.68,5,0,True
HEMSTREET,East,Schaghticoke,1,0,2,1,115/13.8,10/12.5,3,2718,1996-01-01,115.0,13.8,0.0,10,12.5,0,0,0,True
HENRY STREET,East,Glens Falls,0,2,6,2,34.5/4.16,5/6.25,8,3356,1998-01-01,34.5,4.16,0.0,5,6.25,0,0,0,True
HIGLEY,Central,Colton,1,0,2,1,115/13.8,5/5.6/7.0,3,2709,1975-01-01,115.0,13.8,0.0,5,5.6,7.0,0,0,True
HILL ST.,East,Gloversville,0,2,6,1,69/4.16,10/12.5,8,2930,1999-01-01,69.0,4.16,0.0,10,12.5,0,0,0,True
HINSDALE,Central,Camillus,0,1,4,1,34.5/4.16,5/6.25,5,1922,2001-08-31,34.5,4.16,0.0,5,6.25,0,0,0,True
HOAG,East,Nassau,0,2,3,3,34.5/4.8,0.667,5,1030,1948-01-01,34.5,4.8,0.0,0.667,0,0,0,0,True
HOMER,Central,Homer,0,1,3,1,34.5/4.8,2.5/2.875,4,1391,1953-01-01,34.5,4.8,0.0,2.5,2.875,0,0,0,True
HOMER,Central,Homer,0,1,3,2,34.5/4.8,2.5/3.13,0,1391,1953-01-01,34.5,4.8,0.0,2.5,3.13,0,0,0,True
HOOSICK,East,Hoosick,1,2,2,1,115/13.8,7.5/8.4/10.5,5,3508,1973-09-17,115.0,13.8,0.0,7.5,8.4,10.5,0,0,True
HOOSICK,East,Hoosick,1,2,2,3,115/34.5/13.8,6.7/8.3,0,3508,1973-09-17,115.0,34.5,13.8,6.7,8.3,0,0,0,True
HOPKINS,Central,Salina,2,0,8,1,115/13.8,18/24/36,10,10235,2012-10-02,115.0,13.8,0.0,18,24,36,0,0,True
HOPKINS,Central,Salina,2,0,8,1,115/13.8,20/26.67/33.33,0,10235,2012-10-02,115.0,13.8,0.0,20,26.67,33.33,0,0,True
HUDSON FALLS,East,Fort Edward,0,3,1,1,34.5/13.8,5,4,1631,1994-01-01,34.5,13.8,0.0,5,0,0,0,0,True
HUDSON,East,Greenport,2,1,6,1,115/13.8,12/16/20/22.4,9,9659,1968-01-24,115.0,13.8,0.0,12,16,20,22.4,0,True
HUDSON,East,Greenport,2,1,6,1,115/34.5/4.1,30/40/50,0,9659,1968-01-24,115.0,34.5,4.1,30,40,50,0,0,True
HUDSON,East,Greenport,2,1,6,1,115/13.8/7.97,20/26/33,0,9659,1968-01-24,115.0,13.8,7.97,20,26,33,0,0,True
INDIAN LAKE,East,Indian Lake,0,1,2,3,34.5/4.8,1/1.25,3,1657,1989-01-01,34.5,4.8,0.0,1,1.25,0,0,0,True
INDIAN RIVER,Central,Leray,1,1,3,1,115/13.8,25,5,5830,1988-09-01,115.0,13.8,0.0,25,0,0,0,0,True
INDIAN RIVER,Central,Leray,1,1,3,1,115/23,15/25,0,5830,1988-09-01,115.0,23.0,0.0,15,25,0,0,0,True
INGHAMS,East,Manheim,6,3,1,1,115,155.9,10,1236,2003-09-18,115.0,0.0,0.0,155.9,0,0,0,0,True
INGHAMS,East,Manheim,6,3,1,1,115/13.8,7.5/9.375/10.5,0,1236,2003-09-18,115.0,13.8,0.0,7.5,9.375,10.5,0,0,True
INGHAMS,East,Manheim,6,3,1,1,115/46,20/26.7/33.3,0,1236,2003-09-18,115.0,46.0,0.0,20,26.7,33.3,0,0,True
INMAN RD,East,Niskayuna,2,0,8,1,115/13.8,18/24/30,10,6174,2011-10-27,115.0,13.8,0.0,18,24,30,0,0,True
INMAN RD,East,Niskayuna,2,0,8,1,115/13.8,20/26.6/33.3,0,6174,2011-10-27,115.0,13.8,0.0,20,26.6,33.3,0,0,True
JEWETT,Central,Skaneateles,0,2,3,1,34.5/13.8,10/12.5,5,2239,2004-01-01,34.5,13.8,0.0,10,12.5,0,0,0,True
JOHNSON,East,Colonie,2,0,6,1,113/13.8,12/16/20,8,7333,1969-04-29,113.0,13.8,0.0,12,16,20,0,0,True
JOHNSON,East,Colonie,2,0,6,1,115/13.8,12/16/20,0,7333,1969-04-29,115.0,13.8,0.0,12,16,20,0,0,True
JOHNSTOWN,East,Johnstown,0,2,7,1,69/4.16,5/5.6,9,3348,2001-12-26,69.0,4.16,0.0,5,5.6,0,0,0,True
JOHNSTOWN,East,Johnstown,0,2,7,1,69/4.16/4.8,10/12.5,0,3348,2001-12-26,69.0,4.16,4.8,10,12.5,0,0,0,True
JUNIPER,East,Bethlehem,0,1,1,1,34.5/13.8,3.75/4.687,2,653,1993-01-01,34.5,13.8,0.0,3.75,4.687,0,0,0,True
KARNER,East,Colonie,0,2,6,2,34.5/4.16,5/6.25,8,2427,1959-01-01,34.5,4.16,0.0,5,6.25,0,0,0,True
KNAPP RD,West,Newstead,2,0,3,1,115/13.8,15/20/25,5,3944,2004-08-27,115.0,13.8,0.0,15,20,25,0,0,True
KNIGHTS CREEK,West,Scio,0,2,2,1,34.5/4.8,1.5,4,1100,1959-01-01,34.5,4.8,0.0,1.5,0,0,0,0,True
LABRADOR SUBSTATION,Central,Truxton,1,1,1,1,115/34.5,7.5,3,66,1983-01-01,115.0,34.5,0.0,7.5,0,0,0,0,True
LABRADOR SUBSTATION,Central,Truxton,1,1,1,1,34.5/13.8,1.5,0,66,1983-01-01,34.5,13.8,0.0,1.5,0,0,0,0,True
Lake Colby Substation,Central,St. Armand,2,2,2,1,115/13.8,13.4/17.9/22.4,6,3207,1976-05-04,115.0,13.8,0.0,13.4,17.9,22.4,0,0,True
Lake Colby Substation,Central,St. Armand,2,2,2,1,115/46,18/24/26.9/33.6,0,3207,1976-05-04,115.0,46.0,0.0,18,24,26.9,33.6,0,True
Lake Colby Substation,Central,St. Armand,2,2,2,1,115/46,20.2/26.9/33.6,0,3207,1976-05-04,115.0,46.0,0.0,20.2,26.9,33.6,0,0,True
Lake Colby Substation,Central,St. Armand,2,2,2,1,115/15,49/66/82,0,3207,1976-05-04,115.0,15.0,0.0,49,66,82,0,0,True
LAKE RD,Central,Scriba,1,0,2,1,115/13.8,12/16/20,3,766,1976-01-01,115.0,13.8,0.0,12,16,20,0,0,True
LAKEVIEW,West,Hamburg,2,0,4,1,115/13.8,15/20/25,6,5057,2005-03-30,115.0,13.8,0.0,15,20,25,0,0,True
LAKEVILLE SUBSTATION NO. 40,West,Geneseo,0,5,6,1,34.5/4.8,3.75,11,1366,1971-01-01,34.5,4.8,0.0,3.75,0,0,0,0,True
LANGFORD,West,North Collins,0,2,1,1,34.4/13.8/5.0,5,3,988,1994-01-01,34.4,13.8,5.0,5,0,0,0,0,True
LANSINGBURGH,East,Troy,0,2,4,2,13.2/4.16/4.8,2.5,6,2317,1994-01-01,13.2,4.16,4.8,2.5,0,0,0,0,True
LANSINGBURGH,East,Troy,0,2,4,1,34.5/13.8,7.5,0,2317,1994-01-01,34.5,13.8,0.0,7.5,0,0,0,0,True
LATHAM,East,Colonie,0,2,2,1,34.5/13.8,10/12.5,4,389,1997-01-01,34.5,13.8,0.0,10,12.5,0,0,0,True
LAWRENCE AVE,Central,Potsdam,2,0,6,1,115/13.8,12,8,5823,1971-10-01,115.0,13.8,0.0,12,0,0,0,0,True
LAWRENCE AVE,Central,Potsdam,2,0,6,1,115/13.8,12/16/22.4,0,5823,1971-10-01,115.0,13.8,0.0,12,16,22.4,0,0,True
LEHIGH,Central,Camden,2,0,4,1,115/13.8,12/16/20,6,6454,1968-08-22,115.0,13.8,0.0,12,16,20,0,0,True
LENOX,Central,Oneida,0,0,4,1,13.2/4.16,5/6.25,4,1086,1962-01-01,13.2,4.16,0.0,5,6.25,0,0,0,True
LERAY,Central,Rutland,0,1,1,1,23/4.8,1.5,2,699,1968-01-01,23.0,4.8,0.0,1.5,0,0,0,0,True
LEVANT,West,Poland,0,1,1,1,34.5/4.8,1,2,235,1968-01-01,34.5,4.8,0.0,1,0,0,0,0,True
LEVITT,Central,Rome,1,0,6,1,115/4.8,7.5/9.375,7,3792,1963-10-31,115.0,4.8,0.0,7.5,9.375,0,0,0,True
LIBERTY,East,Troy,0,5,13,1,34.5/13.8,12.5,18,4893,2007-12-01,34.5,13.8,0.0,12.5,0,0,0,0,True
LIBERTY,East,Troy,0,5,13,1,34.5/13.8,5/6.25,0,4893,2007-12-01,34.5,13.8,0.0,5,6.25,0,0,0,True
LIBERTY,East,Troy,0,5,13,1,34.5/4.16,5,0,4893,2007-12-01,34.5,4.16,0.0,5,0,0,0,0,True
LIBERTY,East,Troy,0,5,13,1,34.5/4.16,5/6.25,0,4893,2007-12-01,34.5,4.16,0.0,5,6.25,0,0,0,True
LIGHTHOUSE HILL,Central,Orwell,5,2,5,2,115/34.5,7.5/9.375,12,3352,1951-05-01,115.0,34.5,0.0,7.5,9.375,0,0,0,True
LIMA,West,Lima,0,2,2,1,34.5/4.8,2.5,4,1798,1960-01-01,34.5,4.8,0.0,2.5,0,0,0,0,True
LINDEN STATION,West,Bethany,0,2,1,1,34.5/4.8,1.5,3,453,1997-01-01,34.5,4.8,0.0,1.5,0,0,0,0,True
LISBON E.S.,Central,Lisbon,0,1,1,1,23/4.8,1.5/1.725,2,619,1953-01-01,23.0,4.8,0.0,1.5,1.725,0,0,0,True
Little River Substation,Central,Canton,2,1,2,1,115/23,10/12/14,5,2744,1994-02-01,115.0,23.0,0.0,10,12,14,0,0,True
Little River Substation,Central,Canton,2,1,2,1,115/13.8,15/20/25,0,2744,1994-02-01,115.0,13.8,0.0,15,20,25,0,0,True
Little River Substation,Central,Canton,2,1,2,1,23/4.8,3.75/4.2/5.25,0,2744,1994-02-01,23.0,4.8,0.0,3.75,4.2,5.25,0,0,True
LIVINGSTON COUNTY CORRECTIO,NWest,Groveland,0,2,1,3,34.5/13.8,0.5,3,45,1990-01-01,34.5,13.8,0.0,0.5,0,0,0,0,True
LIVONIA,West,Livonia,0,1,3,1,34.5/4.8,3.75/4.24,4,2049,1990-01-01,34.5,4.8,0.0,3.75,4.24,0,0,0,True
LOON LAKE,Central,Franklin,0,1,1,2,46/4.8,0.333,2,217,1992-01-01,46.0,4.8,0.0,0.333,0,0,0,0,True
LORDS HILL,Central,Onondaga,0,1,2,1,34.5/4.8,3.75/4.69,3,1301,1978-01-01,34.5,4.8,0.0,3.75,4.69,0,0,0,True
LORINGS,Central,Cortlandville,0,1,1,1,34.5/13.8,3.75/4.69/5.25,2,507,1996-01-01,34.5,13.8,0.0,3.75,4.69,5.25,0,0,True
LOWVILLE,Central,Lowville,1,1,4,1,115/13.8,15/20/25,6,6429,1986-02-01,115.0,13.8,0.0,15,20,25,0,0,True
LOWVILLE,Central,Lowville,1,1,4,1,115/24,12/16/20,0,6429,1986-02-01,115.0,24.0,0.0,12,16,20,0,0,True
LYME E.S.,Central,Lyme,1,0,3,1,115/13.8,15/20/25,4,7586,1991-01-01,115.0,13.8,0.0,15,20,25,0,0,True
LYNDONVILLE,West,Yates,0,2,3,1,34.5/4.8,3.750/4.68,5,1822,2005-05-01,34.5,4.8,0.0,3.750,4.68,0,0,0,True
LYNN,East,Rotterdam,0,2,3,1,34.4/13.8/7.9,7.5/9.375,5,2122,2007-07-13,34.4,13.8,7.9,7.5,9.375,0,0,0,True
LYSANDER,Central,Lysander,2,0,5,1,115/13.8,12/16/20/22.4,7,4425,1984-01-01,115.0,13.8,0.0,12,16,20,22.4,0,True
MACHIAS,West,Machias,2,2,3,2,115/34.5,20/26.7/33.3,7,1771,1991-12-01,115.0,34.5,0.0,20,26.7,33.3,0,0,True
MACHIAS,West,Machias,2,2,3,1,34.5/4.8,3.75,0,1771,1991-12-01,34.5,4.8,0.0,3.75,0,0,0,0,True
MADISON,Central,Rome,2,0,4,3,115/4.8,2.5/3.13,6,1924,1958-08-31,115.0,4.8,0.0,2.5,3.13,0,0,0,True
MALONE,Central,Malone,3,3,3,1,115/13.8,15/20/25,9,4408,2011-10-21,115.0,13.8,0.0,15,20,25,0,0,True
MALONE,Central,Malone,3,3,3,1,115/34.5,10,0,4408,2011-10-21,115.0,34.5,0.0,10,0,0,0,0,True
MALONE,Central,Malone,3,3,3,1,115/34.5,7.5/9.375,0,4408,2011-10-21,115.0,34.5,0.0,7.5,9.375,0,0,0,True
MALTA,East,Malta,2,0,3,1,115/13.8,15/20/25,5,4888,1997-01-01,115.0,13.8,0.0,15,20,25,0,0,True
MAPLEHURST STA. NO.4,West,Hinsdale,0,2,2,1,34.5/4.8,3.75/4.688,4,1147,2007-06-26,34.5,4.8,0.0,3.75,4.688,0,0,0,True
MAPLEWOOD,East,Colonie,3,6,4,1,115/13.8,15/20/25,13,6407,2007-07-10,115.0,13.8,0.0,15,20,25,0,0,True
MAPLEWOOD,East,Colonie,3,6,4,1,115/34.4/13.8,30/40/50,0,6407,2007-07-10,115.0,34.4,13.8,30,40,50,0,0,True
MARKET HILL,East,Amsterdam,0,2,6,2,69/4.16,5/6.25,8,3598,1960-08-01,69.0,4.16,0.0,5,6.25,0,0,0,True
MAYFIELD,East,Mayfield,0,3,1,1,69/13.8,7.5/8.4/10.5,4,2968,1968-04-11,69.0,13.8,0.0,7.5,8.4,10.5,0,0,True
MC ADOO,Central,Canton,2,0,3,1,115/13.8,12/13.4,5,2675,1975-12-01,115.0,13.8,0.0,12,13.4,0,0,0,True
MC CLELLAN,East,Schenectady,0,2,2,1,34.5/13.8,10,4,5361,1996-01-01,34.5,13.8,0.0,10,0,0,0,0,True
MC CREA ST.,East,Ft Edward,0,1,1,1,34.5/4.8,3/3.75,2,1054,1950-01-01,34.5,4.8,0.0,3,3.75,0,0,0,True
MCGRAW,Central,Cortland,0,1,1,3,34.5/4.8,0.83,2,1210,1959-01-01,34.5,4.8,0.0,0.83,0,0,0,0,True
McKOWNVILLE,East,Guilderland,2,0,7,1,113/13.8,12/16/22,9,4762,1969-12-09,113.0,13.8,0.0,12,16,22,0,0,True
McKOWNVILLE,East,Guilderland,2,0,7,1,115/13.8,15,0,4762,1969-12-09,115.0,13.8,0.0,15,0,0,0,0,True
MENANDS,East,Colonie,5,7,11,1,115/13.8,12/16/20/22.4,23,8830,1974-05-05,115.0,13.8,0.0,12,16,20,22.4,0,True
MENANDS,East,Colonie,5,7,11,1,115/13.8,15/20/25,0,8830,1974-05-05,115.0,13.8,0.0,15,20,25,0,0,True
MENANDS,East,Colonie,5,7,11,1,115/34.5/4.8,30/40/50,0,8830,1974-05-05,115.0,34.5,4.8,30,40,50,0,0,True
MENANDS,East,Colonie,5,7,11,1,115/34.5/8.6,20/26.7,0,8830,1974-05-05,115.0,34.5,8.6,20,26.7,0,0,0,True
MENANDS,East,Colonie,5,7,11,1,115/4.16,7.5/9.375,0,8830,1974-05-05,115.0,4.16,0.0,7.5,9.375,0,0,0,True
MENANDS,East,Colonie,5,7,11,1,13.2/4.16,6,0,8830,1974-05-05,13.2,4.16,0.0,6,0,0,0,0,True
MERRILLVILLE,Central,Franklin,0,1,1,1,46/2.4,1.67,2,73,1984-01-01,46.0,2.4,0.0,1.67,0,0,0,0,True
MEXICO,Central,Mexico,0,1,2,1,34.5/4.8,2.5/3.13,3,1471,1963-01-01,34.5,4.8,0.0,2.5,3.13,0,0,0,True
MIDDLEBURG,East,Middleburgh,1,0,2,1,69/13.8,7.5/9.4/10.5,3,4011,1977-01-01,69.0,13.8,0.0,7.5,9.4,10.5,0,0,True
MIDDLEPORT,West,Royalton,0,2,3,1,34.5/4.8,4.7/5.25,5,1916,1973-01-01,34.5,4.8,0.0,4.7,5.25,0,0,0,True
"MIDDLEVILLE, ie. HANSON (MIDDL",Central,Fairfield,0,1,1,1,46/4.16,3.75/4.69/5.25,2,665,1956-01-01,46.0,4.16,0.0,3.75,4.69,5.25,0,0,True
MIDLER,Central,Dewitt,0,1,4,1,34.5/4.16,5/6.25,5,74,1965-01-01,34.5,4.16,0.0,5,6.25,0,0,0,True
MILL ST.,Central,Watertown,0,2,13,3,23/4.8,5/6.25,15,3198,1956-01-01,23.0,4.8,0.0,5,6.25,0,0,0,True
MILLER ST.,Central,Cortland,0,1,2,3,34.5/4.8,2.5/3.1,3,1771,1940-01-01,34.5,4.8,0.0,2.5,3.1,0,0,0,True
MILTON,Central,Camillus,2,0,4,1,113/13.8,12/16/20,6,7439,1969-01-01,113.0,13.8,0.0,12,16,20,0,0,True
MINOA,Central,Manlius,0,2,2,1,34.5/4.8,3.75/4.69,4,1388,1952-01-01,34.5,4.8,0.0,3.75,4.69,0,0,0,True
MINOA,Central,Manlius,0,2,2,3,115/34.5/13.2,6.67,0,1388,1952-01-01,115.0,34.5,13.2,6.67,0,0,0,0,True
MOIRA,Central,Moira,0,1,2,1,34.5/4.8,3/4,3,2011,1950-01-01,34.5,4.8,0.0,3,4,0,0,0,True
MORRISTOWN,Central,Morristown,0,1,2,1,23/5.04,2.5,3,1113,2010-11-23,23.0,5.04,0.0,2.5,0,0,0,0,True
MUMFORD,West,Wheatland,2,0,3,1,115/13.8,15/20/25,5,6141,1986-03-19,115.0,13.8,0.0,15,20,25,0,0,True
NASSAU,East,Nassau,0,2,3,1,34.5/4.8,5/7,5,2286,1993-01-01,34.5,4.8,0.0,5,7,0,0,0,True
NEW HAVEN,Central,New Haven,2,0,2,1,115/13.8,7.5/9.375,4,3811,1997-01-01,115.0,13.8,0.0,7.5,9.375,0,0,0,True
NEW KRUMKILL,East,Albany,2,0,4,1,113/13.8,18/24/30,6,7932,1977-01-01,113.0,13.8,0.0,18,24,30,0,0,True
NEW KRUMKILL,East,Albany,2,0,4,1,13.2/4.16,7.5/9.4/10.5,0,7932,1977-01-01,13.2,4.16,0.0,7.5,9.4,10.5,0,0,True
NEWARK ST,East,Cohoes,0,2,4,2,34.5/13.8,10,6,8301,1995-01-01,34.5,13.8,0.0,10,0,0,0,0,True
NEWTON FALLS,Central,Clifton,0,1,1,1,34.5/2.4,2.5,2,136,2003-05-01,34.5,2.4,0.0,2.5,0,0,0,0,True
NEWTON FALLS,Central,Clifton,0,1,1,2,34.5/2.4,2.5,0,136,2003-05-01,34.5,2.4,0.0,2.5,0,0,0,0,True
NEWTONVILLE,East,Colonie,0,2,6,1,34.5/13.8,5/6.25,8,1554,1957-05-25,34.5,13.8,0.0,5,6.25,0,0,0,True
NEWTONVILLE,East,Colonie,0,2,6,1,34.5/4.16,5/5.6,0,1554,1957-05-25,34.5,4.16,0.0,5,5.6,0,0,0,True
NICHOLVILLE,Central,Lawrence,1,2,2,1,115/34.5,10/12.5,5,2335,1954-03-01,115.0,34.5,0.0,10,12.5,0,0,0,True
NICHOLVILLE,Central,Lawrence,1,2,2,1,34.5/4.8,1.25,0,2335,1954-03-01,34.5,4.8,0.0,1.25,0,0,0,0,True
NICHOLVILLE,Central,Lawrence,1,2,2,2,34.5/4.8,1.25,0,2335,1954-03-01,34.5,4.8,0.0,1.25,0,0,0,0,True
NILES,Central,Skaneateles,0,1,1,1,34.4/13.8,3.75/4.69/5.25,2,1386,1974-01-01,34.4,13.8,0.0,3.75,4.69,5.25,0,0,True
NILES,Central,Skaneateles,0,1,1,1,34.4/13.8,16.8/22.4/28,0,1386,1974-01-01,34.4,13.8,0.0,16.8,22.4,28,0,0,True
NORTH ASHFORD,West,Ashford,0,2,1,1,34.5/4.8,1.5,3,227,1991-01-01,34.5,4.8,0.0,1.5,0,0,0,0,True
N. BANGOR,Central,Bangor,0,1,1,1,34.5/4.8,1.5,2,570,1961-01-01,34.5,4.8,0.0,1.5,0,0,0,0,True
NORTH BOMBAY,Central,Bombay,0,1,2,1,34.5/13.8,2.5,3,170,1975-01-01,34.5,13.8,0.0,2.5,0,0,0,0,True
NORTH CARTHAGE,Central,Wilna,3,2,3,1,115/13.8,12/22.4,8,6590,1992-01-01,115.0,13.8,0.0,12,22.4,0,0,0,True
NORTH CARTHAGE,Central,Wilna,3,2,3,1,115/23,15/20/25,0,6590,1992-01-01,115.0,23.0,0.0,15,20,25,0,0,True
N. CHAUTAUQUA,West,Chautauqua,0,2,1,1,34.5/4.8,1,3,303,1960-01-01,34.5,4.8,0.0,1,0,0,0,0,True
NORTH COLLINS,West,Brant,0,2,2,1,34.5/4.8,2.5,4,1516,1964-01-01,34.5,4.8,0.0,2.5,0,0,0,0,True
NORTH CREEK,East,Johnsburg,1,2,2,1,115/13.8/30,10/12.5,5,3373,1987-03-01,115.0,13.8,30.0,10,12.5,0,0,0,True
NORTH CREEK,East,Johnsburg,1,2,2,1,115/34.5,30/40/50,0,3373,1987-03-01,115.0,34.5,0.0,30,40,50,0,0,True
N. EDEN,West,Eden,0,1,1,1,34.5/13.8,3.75,2,1253,1976-01-01,34.5,13.8,0.0,3.75,0,0,0,0,True
NORTH GOVERNEUR,Central,Gouverneur,2,0,3,1,115/13.8/7.9,12/16/20,5,5283,1971-09-10,115.0,13.8,7.9,12,16,20,0,0,True
LAKEVILLE,West,Geneseo,0,0,0,1,115/34.5,25/33.3/41.7,0,1475,1970-01-01,115.0,34.5,0.0,25,33.3,41.7,0,0,True
N. LAWRENCE,Central,Lawrence,0,1,1,1,34.5/4.8,2.5,2,675,2004-01-01,34.5,4.8,0.0,2.5,0,0,0,0,True
N LEROY STATION,West,Leroy,2,0,3,1,115/13.8,12/16/20/22.4,5,4924,2012-05-15,115.0,13.8,0.0,12,16,20,22.4,0,True
N. OLEAN,West,Olean,0,2,2,3,34.5/4.8,1.25,4,1212,1959-01-01,34.5,4.8,0.0,1.25,0,0,0,0,True
NORTH TROY,East,Brunswick,6,5,4,1,115/13.8,15/20/25,15,6150,2007-02-01,115.0,13.8,0.0,15,20,25,0,0,True
NORTH TROY,East,Brunswick,6,5,4,1,115/34.5/13.8,30/40/50,0,6150,2007-02-01,115.0,34.5,13.8,30,40,50,0,0,True
NORTH TROY,East,Brunswick,6,5,4,1,115/34.5,30/40,0,6150,2007-02-01,115.0,34.5,0.0,30,40,0,0,0,True
NORTHVILLE,East,Northampton,0,2,2,1,69/13.8,10/12.5,4,4196,1992-01-01,69.0,13.8,0.0,10,12.5,0,0,0,True
NORTHVILLE,East,Northampton,0,2,2,1,69/23,10/12.5,0,4196,1992-01-01,69.0,23.0,0.0,10,12.5,0,0,0,True
NORWOOD,Central,Potsdam,0,1,2,3,23/4.8,1.25,3,1571,1961-01-01,23.0,4.8,0.0,1.25,0,0,0,0,True
OAK HILL,West,Ellicott,2,0,1,1,34.5/4.8,2.5,3,224,1996-01-01,34.5,4.8,0.0,2.5,0,0,0,0,True
OAKFIELD STATION,West,Oakfield,1,4,3,1,115/34.5,28/37.3/46.7,8,1585,1975-01-01,115.0,34.5,0.0,28,37.3,46.7,0,0,True
OAKFIELD STATION,West,Oakfield,1,4,3,1,34.5/4.8,3.75,0,1585,1975-01-01,34.5,4.8,0.0,3.75,0,0,0,0,True
232 OAKWOOD,West,Pendleton,2,0,6,2,115/13.8,15/20/25,8,3793,2005-08-01,115.0,13.8,0.0,15,20,25,0,0,True
OATHOUT,East,Colonie,0,1,2,1,34.4/13.8/7.9,10.0/12.5,3,1909,1998-01-01,34.4,13.8,7.9,10.0,12.5,0,0,0,True
OGDENBROOK,East,Queensbury,2,0,4,1,115/13.8/7.9,13.4/17.9/22.4,6,6027,1975-02-18,115.0,13.8,7.9,13.4,17.9,22.4,0,0,True
OGDENSBURG,Central,Ogdensburg,2,0,4,1,23/5,1.5,6,5907,1988-12-01,23.0,5.0,0.0,1.5,0,0,0,0,True
OGDENSBURG,Central,Ogdensburg,2,0,4,1,23/0.48,0.5,0,5907,1988-12-01,23.0,0.48,0.0,0.5,0,0,0,0,True
OGDENSBURG,Central,Ogdensburg,2,0,4,1,23/5,1.5,0,5907,1988-12-01,23.0,5.0,0.0,1.5,0,0,0,0,True
OLD FORGE,Central,Webb,0,2,4,3,46/4.8,1.25,6,2719,1992-01-01,46.0,4.8,0.0,1.25,0,0,0,0,True
OLD FORGE,Central,Webb,0,2,4,1,46/4.8,2,0,2719,1992-01-01,46.0,4.8,0.0,2,0,0,0,0,True
ONEIDA,Central,Verona,7,0,7,1,115/13.8,12/16/22.4,14,10374,1968-08-04,115.0,13.8,0.0,12,16,22.4,0,0,True
ONEIDA,Central,Verona,7,0,7,1,115/13.8,15/20/25,0,10374,1968-08-04,115.0,13.8,0.0,15,20,25,0,0,True
ORANGEVILLE STATION,West,Orangeville,0,1,1,1,34.5/4.8/34.5,2.5,2,711,1997-01-01,34.5,4.8,34.5,2.5,0,0,0,0,False
OTTEN,East,Dresden,1,0,1,1,115/4.8,3.75/4.68,2,610,1954-06-15,115.0,4.8,0.0,3.75,4.68,0,0,0,True
PALOMA,Central,Oswego,2,0,4,1,115/13.8,12/16/20,6,10154,1968-01-01,115.0,13.8,0.0,12,16,20,0,0,True
PANAMA,West,Harmony,0,2,1,1,34.5/4.8,1.5,3,642,2002-06-19,34.5,4.8,0.0,1.5,0,0,0,0,True
PARISH,Central,Parish,0,1,1,1,34.5/4.8,3,2,529,1950-01-01,34.5,4.8,0.0,3,0,0,0,0,True
PARISHVILLE,Central,Parishville,1,0,1,2,4.8/2.4,0.5,2,653,1949-01-01,4.8,2.4,0.0,0.5,0,0,0,0,True
PARK STREET,Central,Syracuse,0,1,4,1,34.5/4.16,5/6.25,5,3663,1956-01-01,34.5,4.16,0.0,5,6.25,0,0,0,True
PATROON,East,Albany,2,5,4,1,115/34.5/13.8,30/40/50,11,3864,2004-12-22,115.0,34.5,13.8,30,40,50,0,0,True
PATROON,East,Albany,2,5,4,1,115/13.8,15/20/25,0,3864,2004-12-22,115.0,13.8,0.0,15,20,25,0,0,True
PAUL SMITHS,Central,Brighton,0,1,3,1,46/4.8,2.5,4,343,2004-03-01,46.0,4.8,0.0,2.5,0,0,0,0,True
PEAT STREET,Central,Syracuse,2,0,4,1,115/13.8,12/16/20/22.4,6,8314,1971-01-01,115.0,13.8,0.0,12,16,20,22.4,0,True
PEBBLE HILL,Central,Dewitt,1,3,4,1,115/13.8/7.9,20/26.7/33.3,8,5760,1993-05-01,115.0,13.8,7.9,20,26.7,33.3,0,0,True
PEBBLE HILL,Central,Dewitt,1,3,4,1,115/34.5,20/26.6/33.3,0,5760,1993-05-01,115.0,34.5,0.0,20,26.6,33.3,0,0,True
PERRYVILLE,Central,Sullivan,0,1,1,1,34.5/4.16,3,2,230,1994-01-01,34.5,4.16,0.0,3,0,0,0,0,True
PETERBORO,Central,Lennox,1,0,8,2,115/13.8,15/20/25,9,8034,1991-09-05,115.0,13.8,0.0,15,20,25,0,0,True
PETROLIA,West,Scio,0,1,1,3,34.5/4.8,1,2,738,1971-01-01,34.5,4.8,0.0,1,0,0,0,0,True
PHOENIX,Central,Schroeppel,0,1,3,1,34.5/4.8,5/6.25/7,4,2231,1969-01-01,34.5,4.8,0.0,5,6.25,7,0,0,True
PIERCEFIELD,Central,Piercefield,0,1,1,3,46/4.8,0.33,2,412,1973-01-01,46.0,4.8,0.0,0.33,0,0,0,0,True
PINE GROVE,Central,Cicero,2,0,7,1,115/13.8,18/24/30,9,12143,1991-01-01,115.0,13.8,0.0,18,24,30,0,0,True
PINE GROVE,Central,Cicero,2,0,7,1,115/13.8,20/26.7/33.3,0,12143,1991-01-01,115.0,13.8,0.0,20,26.7,33.3,0,0,True
PINEBUSH,East,Guilderland,2,0,6,1,115/13.8,12,8,6760,1989-01-01,115.0,13.8,0.0,12,0,0,0,0,True
PINEBUSH,East,Guilderland,2,0,6,1,115/13.8,15,0,6760,1989-01-01,115.0,13.8,0.0,15,0,0,0,0,True
Pleasant,Central,Utica,0,2,6,2,43.8/4.36,5/6.25,8,5237,1961-01-01,43.8,4.36,0.0,5,6.25,0,0,0,True
POLAND SUBSTATION,Central,Russia,0,1,2,1,46/13.8,10,3,1722,1996-01-01,46.0,13.8,0.0,10,0,0,0,0,True
POLAND,West,Poland,0,1,2,1,34.5/4.8,2.5,3,2557,1972-01-01,34.5,4.8,0.0,2.5,0,0,0,0,True
POMPEY,Central,Pompey,0,1,2,3,34.5/4.16,0.83,3,776,1966-01-01,34.5,4.16,0.0,0.83,0,0,0,0,True
PORT HENRY,East,Moriah,1,0,2,1,113/13.8,7.5/8.4,3,3858,1966-11-06,113.0,13.8,0.0,7.5,8.4,0,0,0,True
PORT LEYDEN,Central,Leyden,0,1,1,3,23/4.8,0.83,2,960,1959-01-01,23.0,4.8,0.0,0.83,0,0,0,0,True
PORTAGE ST.,Central,Watertown,0,1,3,1,23/4.8,0.5,4,2001,2001-04-26,23.0,4.8,0.0,0.5,0,0,0,0,True
POTTERSVILLE,East,Chester,0,1,1,1,34.4/7.5/8.4,7.5,2,1221,2012-06-01,34.4,7.5,8.4,7.5,0,0,0,0,True
PRICE CORNERS (DIST.) SUB,West,Randolph,0,3,1,3,34.5/13.8,0.5,4,63,2005-06-11,34.5,13.8,0.0,0.5,0,0,0,0,True
PROSPECT HILL,East,Waterford,1,0,2,1,115/13.8,12//16/20/24,3,4405,1974-01-01,115.0,13.8,0.0,12,,16,20,24,True
QUAIL HOLLOW,East,Bethlehem,0,1,1,1,34.5/4.8,2.5,2,216,1991-01-01,34.5,4.8,0.0,2.5,0,0,0,0,True
QUEENSBURY,East,Queensbury,3,4,8,1,115/13.8,12/16/20,15,7468,1969-05-01,115.0,13.8,0.0,12,16,20,0,0,True
QUEENSBURY,East,Queensbury,3,4,8,1,115/13.8,12/16/20,0,7468,1969-05-01,115.0,13.8,0.0,12,16,20,0,0,True
QUEENSBURY,East,Queensbury,3,4,8,1,115/34.5/4.8,30,0,7468,1969-05-01,115.0,34.5,4.8,30,0,0,0,0,True
RANDALL RD,East,Ballston,0,1,2,1,34.5/13.2,5,3,1016,2009-10-01,34.5,13.2,0.0,5,0,0,0,0,True
RANDALL RD,East,Ballston,0,1,2,2,13.2/4.8,2.5,0,1016,2009-10-01,13.2,4.8,0.0,2.5,0,0,0,0,True
RAQUETTE LAKE,Central,Long Lake,0,1,1,3,46/4.8,0.33,2,540,1959-01-01,46.0,4.8,0.0,0.33,0,0,0,0,True
RAYBROOK ES,Central,North Elba,1,0,2,1,115/13.8,15/20/25,3,1817,1992-01-01,115.0,13.8,0.0,15,20,25,0,0,True
229 RENAISSANCE DR,West,Amherst,2,0,8,2,115/13.8,20/26.7/33.3,10,5733,2007-03-28,115.0,13.8,0.0,20,26.7,33.3,0,0,True
RENSSELAER,East,Rensselaer,0,4,2,1,34.5/13.8,12.5,6,3730,1988-01-01,34.5,13.8,0.0,12.5,0,0,0,0,True
REYNOLDS RD,East,North Greenbush,7,0,8,1,115/13.8,15/20/25,15,5294,1988-08-19,115.0,13.8,0.0,15,20,25,0,0,True
REYNOLDS RD,East,North Greenbush,7,0,8,1,115/13.8,15/20/25,0,5294,1988-08-19,115.0,13.8,0.0,15,20,25,0,0,True
REYNOLDS RD,East,North Greenbush,7,0,8,1,345/115/13.2,400/448,0,5294,1988-08-19,345.0,115.0,13.2,400,448,0,0,0,True
RICHMOND,West,Richmond,0,1,3,1,34.5/13.8,7.5/9.38/10.5,4,3371,1992-01-01,34.5,13.8,0.0,7.5,9.38,10.5,0,0,True
RIDGE ROAD,Central,Cazenovia,0,1,1,3,34.5/4.8,1,2,893,1947-05-27,34.5,4.8,0.0,1,0,0,0,0,True
142 LEHIGH AVE,West,Lackawanna,2,4,4,1,115/34.5,20/26.7/33.3,10,1470,1966-02-17,115.0,34.5,0.0,20,26.7,33.3,0,0,True
142 LEHIGH AVE,West,Lackawanna,2,4,4,1,115/34.5,22.4/29.9/37.4,0,1470,1966-02-17,115.0,34.5,0.0,22.4,29.9,37.4,0,0,True
RIFLE RANGE,East,Colonie,0,1,2,1,34.5/13.2,2.5,3,391,2006-02-01,34.5,13.2,0.0,2.5,0,0,0,0,True
RIPARIUS,East,Johnsburg,0,1,1,1,34.5/4.8,3.75/4.68,2,519,1959-10-16,34.5,4.8,0.0,3.75,4.68,0,0,0,True
RIPLEY,West,Ripley,0,2,2,1,34.5/4.8,3.75,4,1270,2003-01-01,34.5,4.8,0.0,3.75,0,0,0,0,True
RIVER RD,East,Schaghticoke,0,1,1,1,34.5/4.8,2.5,2,3,1949-01-01,34.5,4.8,0.0,2.5,0,0,0,0,True
RIVERSIDE,East,Albany,4,9,10,1,115/34.5/13.8,40/53.3/66.6,23,3937,2001-07-01,115.0,34.5,13.8,40,53.3,66.6,0,0,True
RIVERSIDE,East,Albany,4,9,10,1,115/34.5/13.8,40/53/66/74.6,0,3937,2001-07-01,115.0,34.5,13.8,40,53,66,74.6,0,True
RIVERSIDE,East,Albany,4,9,10,2,115/13.8,24/32/40,0,3937,2001-07-01,115.0,13.8,0.0,24,32,40,0,0,True
RIVERVIEW,Central,Black Brook,0,1,1,1,46/4.8,0.5,2,269,1949-01-01,46.0,4.8,0.0,0.5,0,0,0,0,True
SO. ROBERTS RD,West,Dunkirk,2,0,4,1,115/13.8,12/16/20,6,2201,1972-05-02,115.0,13.8,0.0,12,16,20,0,0,True
ROCK CITY FALLS,East,Milton,0,1,1,1,34.5/4.8/4.16,3.75,2,592,1993-01-01,34.5,4.8,4.16,3.75,0,0,0,0,True
ROCK CITY,Central,Little Falls,0,1,4,1,46/4.16,5.6/7,5,1736,1966-01-01,46.0,4.16,0.0,5.6,7,0,0,0,True
ROCK CUT,Central,Syracuse,2,0,4,1,115/13.8,20/26/33,6,7550,1973-01-01,115.0,13.8,0.0,20,26,33,0,0,True
ROME,Central,Rome,4,0,8,2,115/13.8,18/24/30,12,11048,2004-07-08,115.0,13.8,0.0,18,24,30,0,0,True
ROSA ROAD,East,Niskayuna,2,4,3,1,115/13.8,15/20/25,9,7749,1960-07-12,115.0,13.8,0.0,15,20,25,0,0,True
ROSA ROAD,East,Niskayuna,2,4,3,1,115/34.5/4.8,30/40/50,0,7749,1960-07-12,115.0,34.5,4.8,30,40,50,0,0,True
ROTTERDAM,East,Rotterdam,16,7,4,1,115/34.5,20/26.7/33.3,27,6057,1947-09-18,115.0,34.5,0.0,20,26.7,33.3,0,0,True
ROTTERDAM,East,Rotterdam,16,7,4,3,115/34.5/13.8,6.7/8.9,0,6057,1947-09-18,115.0,34.5,13.8,6.7,8.9,0,0,0,True
ROTTERDAM,East,Rotterdam,16,7,4,1,115/69/13.8,33.6/44.8/56,0,6057,1947-09-18,115.0,69.0,13.8,33.6,44.8,56,0,0,True
ROTTERDAM,East,Rotterdam,16,7,4,1,115/13.8,15/20/25,0,6057,1947-09-18,115.0,13.8,0.0,15,20,25,0,0,True
ROTTERDAM,East,Rotterdam,16,7,4,2,230/115/13.8,267/298,0,6057,1947-09-18,230.0,115.0,13.8,267,298,0,0,0,True
ROTTERDAM,East,Rotterdam,16,7,4,1,230/115/13.8,349,0,6057,1947-09-18,230.0,115.0,13.8,349,0,0,0,0,True
ROYALTON,West,Royalton,0,1,2,2,34.5/4.8,1.5,3,1272,1972-01-01,34.5,4.8,0.0,1.5,0,0,0,0,True
RUSSELL RD,East,Albany,0,1,1,1,34.5/13.2,5,2,157,1994-01-01,34.5,13.2,0.0,5,0,0,0,0,True
RUTH ROAD,East,Colonie,2,0,5,1,115/13.8,20.2/26.9/33.6,7,6051,1971-01-01,115.0,13.8,0.0,20.2,26.9,33.6,0,0,True
ST JOHNSVILLE,East,Saint Johnsville,2,0,2,1,115/13.8/4.8,5/5.6,4,2393,2008-07-14,115.0,13.8,4.8,5,5.6,0,0,0,True
ST JOHNSVILLE,East,Saint Johnsville,2,0,2,1,115/13.8/4.8,7.5/9.375,0,2393,2008-07-14,115.0,13.8,4.8,7.5,9.375,0,0,0,True
ST. REGIS,Central,Bombay,0,1,2,1,34.5/4.8,5,3,810,1984-01-01,34.5,4.8,0.0,5,0,0,0,0,True
SALISBURY ES,Central,Manheim,2,0,4,1,115/13.8,5/5.6,6,5212,1979-05-09,115.0,13.8,0.0,5,5.6,0,0,0,True
SALISBURY ES,Central,Manheim,2,0,4,1,115/13.8,7.5/9.375,0,5212,1979-05-09,115.0,13.8,0.0,7.5,9.375,0,0,0,True
SAND CREEK ROAD,East,Colonie,2,0,3,1,115/13.8,15,5,2311,1992-01-01,115.0,13.8,0.0,15,0,0,0,0,True
SAND ROAD & SAND ROAD#2,Central,Salina,0,2,4,1,34.5/4.16,3.75/4.69,6,603,1953-01-01,34.5,4.16,0.0,3.75,4.69,0,0,0,True
SANDY CREEK 66,Central,Sandy Creek,0,1,2,1,34.5/13.8,5/6.25,3,3891,1969-01-01,34.5,13.8,0.0,5,6.25,0,0,0,True
SARATOGA,East,Saratoga Springs,0,2,4,1,34.5/13.8,7.5/9.375/10.5,6,3037,1937-07-14,34.5,13.8,0.0,7.5,9.375,10.5,0,0,True
SARATOGA,East,Saratoga Springs,0,2,4,1,34.5/4.16,5/6.3,0,3037,1937-07-14,34.5,4.16,0.0,5,6.3,0,0,0,True
SARATOGA,East,Saratoga Springs,0,2,4,3,230/23,60/80/100,0,3037,1937-07-14,230.0,23.0,0.0,60,80,100,0,0,True
SCHENEVUS,East,Maryland,0,1,1,3,23/4.8,0.667,2,1156,1947-01-01,23.0,4.8,0.0,0.667,0,0,0,0,True
SCHODACK,East,Schodack,2,0,3,1,115/13.8,12/16/20/22.4,5,3508,2008-01-01,115.0,13.8,0.0,12,16,20,22.4,0,True
SCHOHARIE,East,Schoharie,2,0,2,1,69/13.8,7.5/9.375/10.5,4,2766,1971-01-02,69.0,13.8,0.0,7.5,9.375,10.5,0,0,True
SCHROON LAKE,East,Schroon,0,1,1,1,34.4/13.8,5/5.6/6.25/7,2,2600,1977-11-01,34.4,13.8,0.0,5,5.6,6.25,7,0,True
SCHUYLER,Central,Frankfort,2,5,4,1,115/13.8,20/26.7/33.3,11,8482,1982-06-03,115.0,13.8,0.0,20,26.7,33.3,0,0,True
SCHUYLER,Central,Frankfort,2,5,4,2,115/46,21/28/35,0,8482,1982-06-03,115.0,46.0,0.0,21,28,35,0,0,True
SCHUYLERVILLE,East,Saratoga,0,2,2,1,34.5/4.8,5/6.3,4,1773,1992-01-01,34.5,4.8,0.0,5,6.3,0,0,0,True
SCOFIELD,East,Lake Luzerne,2,0,2,1,115/13.8,7.5/9.375,4,3729,1991-01-01,115.0,13.8,0.0,7.5,9.375,0,0,0,True
SCOTIA,East,Glenville,0,2,6,1,34.5/4.16,5/5.6,8,3368,1964-01-01,34.5,4.16,0.0,5,5.6,0,0,0,True
SCOTIA,East,Glenville,0,2,6,1,34.5/4.16,5/6.25,0,3368,1964-01-01,34.5,4.16,0.0,5,6.25,0,0,0,True
SELKIRK SUB,East,Bethlehem,0,1,2,1,34.4/13.8,7.5/9.375,3,4278,1969-10-01,34.4,13.8,0.0,7.5,9.375,0,0,0,True
SEMINOLE,East,Albany,0,1,3,1,34.5/4.16,5/6.3,4,3017,1965-01-01,34.5,4.16,0.0,5,6.3,0,0,0,True
SENTINEL HEIGHTS,Central,Onondaga,0,1,1,2,34.5/4.16,0.33,2,272,1960-01-01,34.5,4.16,0.0,0.33,0,0,0,0,True
SENTINEL HEIGHTS,Central,Onondaga,0,1,1,1,34.5/4.16,0.33,0,272,1960-01-01,34.5,4.16,0.0,0.33,0,0,0,0,True
SEVENTH AVE. SUB.,East,Troy,0,2,4,1,34.5/4.16,5/6.25,6,3026,2003-03-31,34.5,4.16,0.0,5,6.25,0,0,0,True
SEVENTH NORTH,Central,Clay,0,1,3,1,34.5/4.8,5.6/7,4,23,1961-01-01,34.5,4.8,0.0,5.6,7,0,0,0,True
SEWALL'S ISLAND,Central,Watertown,0,2,0,1,23/4.8,7.5,2,3334,2000-01-01,23.0,4.8,0.0,7.5,0,0,0,0,True
SHARON,East,Sharon,0,2,2,1,69/13.8,8.4/10.5,4,2859,1988-01-01,69.0,13.8,0.0,8.4,10.5,0,0,0,True
SHELBY,West,Shelby,2,0,6,1,115/13.8,15/20/25,8,4916,1990-06-20,115.0,13.8,0.0,15,20,25,0,0,True
SHELBY,West,Shelby,2,0,6,1,115/13.8,15/20/25,0,4916,1990-06-20,115.0,13.8,0.0,15,20,25,0,0,True
SHEPPARD STATION,West,Pavilion,0,3,2,1,34.5/13.8,3.75/5.25,5,1399,1973-07-01,34.5,13.8,0.0,3.75,5.25,0,0,0,True
SHEPPARD STATION,West,Pavilion,0,3,2,1,34.5/13.8,5.25,0,1399,1973-07-01,34.5,13.8,0.0,5.25,0,0,0,0,True
SHERMAN,Central,Trenton,0,1,2,1,46/13.8,10/12.5,3,3863,1994-01-01,46.0,13.8,0.0,10,12.5,0,0,0,True
SHORE RD,East,Ballston,0,2,3,1,34.4/4.8,5/6.25,5,1963,1957-01-01,34.4,4.8,0.0,5,6.25,0,0,0,True
SILVER LAKE,Central,Black Brook,0,1,1,1,46/2.4,0.333,2,180,1991-01-01,46.0,2.4,0.0,0.333,0,0,0,0,True
SINCLAIRVILLE,West,Gerry,0,1,1,1,34.5/4.8,2.5,2,1365,1963-01-01,34.5,4.8,0.0,2.5,0,0,0,0,True
SMITH BRIDGE,East,Wilton,2,0,3,1,115/13.8,15/20/25,5,5367,1993-01-01,115.0,13.8,0.0,15,20,25,0,0,True
SORRELL HILL,Central,Van Buren,1,0,4,1,115/13.8,15/20/25,5,9121,1991-05-01,115.0,13.8,0.0,15,20,25,0,0,True
S. PHILADELPHIA,Central,Philadelphia,0,3,1,2,23/4.8,0.5,4,607,1955-01-01,23.0,4.8,0.0,0.5,0,0,0,0,True
S. PHILADELPHIA,Central,Philadelphia,0,3,1,1,23/4.8,0.5,0,607,1955-01-01,23.0,4.8,0.0,0.5,0,0,0,0,True
SOUTH RANDOLPH,West,Randolph,0,1,1,1,34.5/4.8,1.5,2,331,2005-06-24,34.5,4.8,0.0,1.5,0,0,0,0,True
SOUTH ST,East,Saratoga Springs,0,2,3,1,34.4/13.8,10/12.5,5,2503,2002-01-01,34.4,13.8,0.0,10,12.5,0,0,0,True
SO. WASHINGTON ST.,Central,Herkimer,0,1,1,1,46/13.8,0.5,2,1062,1994-06-09,46.0,13.8,0.0,0.5,0,0,0,0,True
SOUTH WELLSVILLE,West,Wellsville,0,3,3,1,34.5/4.8,3.75,6,1968,1974-01-01,34.5,4.8,0.0,3.75,0,0,0,0,True
SOUTHLAND,West,Somerset,0,1,1,1,34.5/4.8,3.75,2,622,1972-01-01,34.5,4.8,0.0,3.75,0,0,0,0,True
SOUTHWOOD,Central,Dewitt,1,0,4,1,110/13.8,12/16/20,5,6260,1966-01-01,110.0,13.8,0.0,12,16,20,0,0,True
WEST PORTLAND,West,Portland,0,1,1,3,34.5/0.48,1.67,2,113,1974-01-01,34.5,0.48,0.0,1.67,0,0,0,0,True
SPRINGFIELD,Central,Dewitt,0,2,5,1,34.5/4.16,5/6.25,7,3172,2007-09-01,34.5,4.16,0.0,5,6.25,0,0,0,True
SPRINGFIELD,Central,Dewitt,0,2,5,1,34.5/4.16,5/6.25/7,0,3172,2007-09-01,34.5,4.16,0.0,5,6.25,7,0,0,True
STAR LAKE,Central,Clifton,0,1,2,1,34.5/4.8,3.75/5.25,3,1689,1971-10-15,34.5,4.8,0.0,3.75,5.25,0,0,0,True
STARR RD.,Central,Cortlandville,1,0,4,1,115/13.8,15/20/25,5,8321,1991-11-01,115.0,13.8,0.0,15,20,25,0,0,True
STATE STREET,Central,Canton,0,1,3,2,23/4.8,3/3.75,4,896,1954-01-01,23.0,4.8,0.0,3,3.75,0,0,0,True
21 MAIN,West,Amherst,0,4,12,3,23/4.16,3.75/4.687,16,4815,2007-08-01,23.0,4.16,0.0,3.75,4.687,0,0,0,True
21 MAIN,West,Amherst,0,4,12,1,23/4.36,3.75/4.687,0,4815,2007-08-01,23.0,4.36,0.0,3.75,4.687,0,0,0,True
22 KENMORE,West,Buffalo,0,8,12,4,23/4.16,3.75/4.6,20,7409,1993-01-01,23.0,4.16,0.0,3.75,4.6,0,0,0,True
23 KENMORE,West,Buffalo,0,4,12,4,22.9/4.36,3.75/4.687,16,5393,2011-05-26,22.9,4.36,0.0,3.75,4.687,0,0,0,True
24 KENMORE,West,Buffalo,0,4,11,4,22.9/4.36,3.75/4.69,15,4939,2003-10-01,22.9,4.36,0.0,3.75,4.69,0,0,0,True
25 STATION 25,West,Buffalo,0,6,11,2,23/4.16,2.5,17,4271,2000-12-05,23.0,4.16,0.0,2.5,0,0,0,0,True
25 STATION 25,West,Buffalo,0,6,11,1,23/4.16,2.5/3.125,0,4271,2000-12-05,23.0,4.16,0.0,2.5,3.125,0,0,0,True
25 STATION 25,West,Buffalo,0,6,11,1,23/4.16,2.5,0,4271,2000-12-05,23.0,4.16,0.0,2.5,0,0,0,0,True
26 STATION 26,West,Buffalo,0,6,13,1,23/4.16,3.7/5.2,19,8098,1977-01-01,23.0,4.16,0.0,3.7,5.2,0,0,0,True
26 STATION 26,West,Buffalo,0,6,13,3,23/4.16,3.7/5.25,0,8098,1977-01-01,23.0,4.16,0.0,3.7,5.25,0,0,0,True
27 JEWETT AVE,West,Buffalo,0,10,10,4,23/4.16,2.5,20,3873,1964-01-01,23.0,4.16,0.0,2.5,0,0,0,0,True
28 STATION 28,West,Buffalo,0,4,12,4,23/4.16,3.75/4.69,16,7233,2003-03-31,23.0,4.16,0.0,3.75,4.69,0,0,0,True
29 POTOMAC,West,Buffalo,0,8,12,4,23/4.16,2.5,20,5731,2010-10-07,23.0,4.16,0.0,2.5,0,0,0,0,True
30 SPILLMAN,West,Buffalo,0,4,10,3,23/4.16,2.5/3.125,14,3083,1957-01-01,23.0,4.16,0.0,2.5,3.125,0,0,0,True
30 SPILLMAN,West,Buffalo,0,4,10,1,23/4.16,2.5/3.13,0,3083,1957-01-01,23.0,4.16,0.0,2.5,3.13,0,0,0,True
31 STATION 31,West,Buffalo,0,4,11,1,23/4.16,2.5,15,5142,1948-01-01,23.0,4.16,0.0,2.5,0,0,0,0,True
31 STATION 31,West,Buffalo,0,4,11,2,23/4.16,2.5/3,0,5142,1948-01-01,23.0,4.16,0.0,2.5,3,0,0,0,True
31 STATION 31,West,Buffalo,0,4,11,1,23/4.16,2.5/3.13,0,5142,1948-01-01,23.0,4.16,0.0,2.5,3.13,0,0,0,True
32 BAILEY,West,Buffalo,0,4,10,4,23/4.16,2.5,14,7046,1951-01-01,23.0,4.16,0.0,2.5,0,0,0,0,True
33 STATION 33,West,Buffalo,0,4,10,4,23/4.36,3.75/4.68,14,5592,2006-07-28,23.0,4.36,0.0,3.75,4.68,0,0,0,True
34 BEST ST.,West,Buffalo,0,8,10,3,23/4.16,2.5,18,4637,1930-01-01,23.0,4.16,0.0,2.5,0,0,0,0,True
34 BEST ST.,West,Buffalo,0,8,10,1,23/4.16,2.5,0,4637,1930-01-01,23.0,4.16,0.0,2.5,0,0,0,0,True
35 WALDEN,West,Buffalo,0,4,11,4,23/4.16,2.5,15,4920,1930-01-01,23.0,4.16,0.0,2.5,0,0,0,0,True
36 SUMNER PL,West,Buffalo,0,4,11,4,23/4.16,3.75/4.7,15,7453,2001-06-01,23.0,4.16,0.0,3.75,4.7,0,0,0,True
37 HUDSON AVE,West,Buffalo,0,7,11,4,23/4.16,2.5,18,5148,1930-01-01,23.0,4.16,0.0,2.5,0,0,0,0,True
38 SPRING,West,Buffalo,0,8,11,4,23/4.16,2.5,19,2903,1930-01-01,23.0,4.16,0.0,2.5,0,0,0,0,True
39 WILLIAM,West,Buffalo,0,4,12,4,23/4.16,3.75/4.69,16,5764,1998-01-01,23.0,4.16,0.0,3.75,4.69,0,0,0,True
40 WILLIAM STA,West,Buffalo,0,4,15,4,23/4.16,3.75/4.8,19,5144,1978-01-01,23.0,4.16,0.0,3.75,4.8,0,0,0,True
41 STATION 41,West,Buffalo,0,8,12,4,23/4.16,2.5,20,2044,1929-12-13,23.0,4.16,0.0,2.5,0,0,0,0,True
42 OHIO,West,Buffalo,0,3,5,3,23/4.16,2.5/3,8,164,1940-01-03,23.0,4.16,0.0,2.5,3,0,0,0,True
43 SENECA ST,West,Buffalo,0,4,10,2,22.9/4.36,3.75/4.687,14,4559,2012-04-20,22.9,4.36,0.0,3.75,4.687,0,0,0,True
43 SENECA ST,West,Buffalo,0,4,10,2,23/4.16,3.75/4.687,0,4559,2012-04-20,23.0,4.16,0.0,3.75,4.687,0,0,0,True
44 SOUTH PARK,West,Buffalo,0,4,11,2,23/4.16,3.75,15,7823,1997-01-01,23.0,4.16,0.0,3.75,0,0,0,0,True
44 SOUTH PARK,West,Buffalo,0,4,11,1,23/4.16,3.75/4.687,0,7823,1997-01-01,23.0,4.16,0.0,3.75,4.687,0,0,0,True
44 SOUTH PARK,West,Buffalo,0,4,11,1,23/4.16,3.75/4.69,0,7823,1997-01-01,23.0,4.16,0.0,3.75,4.69,0,0,0,True
45 STATION 45,West,Buffalo,0,4,8,1,23/4.16,2.5/3.13,12,3485,1956-01-01,23.0,4.16,0.0,2.5,3.13,0,0,0,True
45 STATION 45,West,Buffalo,0,4,8,3,23/4.16,2.5,0,3485,1956-01-01,23.0,4.16,0.0,2.5,0,0,0,0,True
46 STATION 46,West,Buffalo,0,4,11,2,22.9/4.16,3.75/4.7,15,6347,2004-04-19,22.9,4.16,0.0,3.75,4.7,0,0,0,True
46 STATION 46,West,Buffalo,0,4,11,2,23/4.16,3.75/4.7,0,6347,2004-04-19,23.0,4.16,0.0,3.75,4.7,0,0,0,True
47 STATION 47,West,Tonawanda,0,3,8,3,23/4.36,3.75/4.7,11,1128,2006-01-01,23.0,4.36,0.0,3.75,4.7,0,0,0,True
48 GELSTON,West,Buffalo,0,4,10,2,23/4.16,3.75/4.687,14,2957,1996-01-01,23.0,4.16,0.0,3.75,4.687,0,0,0,True
48 GELSTON,West,Buffalo,0,4,10,2,23/4.16,3.75/4.69,0,2957,1996-01-01,23.0,4.16,0.0,3.75,4.69,0,0,0,True
49 BEST,West,Buffalo,0,8,12,4,23/4.16,3.75/4.69,20,2020,1993-01-01,23.0,4.16,0.0,3.75,4.69,0,0,0,True
51 ELK ST,West,Buffalo,0,4,8,4,23/4.16,2.5/3,12,2011,1939-01-01,23.0,4.16,0.0,2.5,3,0,0,0,True
52 HERTEL,West,Buffalo,0,4,12,1,23/4.16,2.5/3,16,2127,2010-11-03,23.0,4.16,0.0,2.5,3,0,0,0,True
52 HERTEL,West,Buffalo,0,4,12,2,23/4.16,3.75/4.687,0,2127,2010-11-03,23.0,4.16,0.0,3.75,4.687,0,0,0,True
53 BAILEY,West,Buffalo,0,3,6,3,23/4.16,2.5/3.13,9,5201,1954-01-01,23.0,4.16,0.0,2.5,3.13,0,0,0,True
54 MAIN,West,Amherst,2,0,11,1,115/4.16,7.5/9.375,13,3344,1970-07-29,115.0,4.16,0.0,7.5,9.375,0,0,0,True
54 MAIN,West,Amherst,2,0,11,1,115/4.16,7.5/9.4,0,3344,1970-07-29,115.0,4.16,0.0,7.5,9.4,0,0,0,True
56 Electric Ave,West,Lackawanna,2,0,7,2,115/4.16,3.75/4.687,9,2129,1949-05-07,115.0,4.16,0.0,3.75,4.687,0,0,0,True
56 WILLOWDALE & BARTON,West,Tonawanda,0,5,8,1,23/4.16,2.5/3.1,13,3597,1956-10-10,23.0,4.16,0.0,2.5,3.1,0,0,0,True
56 WILLOWDALE & BARTON,West,Tonawanda,0,5,8,3,23/4.16,2.5/3.13,0,3597,1956-10-10,23.0,4.16,0.0,2.5,3.13,0,0,0,True
57 COLVIN,West,Tonawanda,0,3,8,3,23/4.16,3.75/4.2/4.7/5,11,4008,1973-01-01,23.0,4.16,0.0,3.75,4.2,4.7,5,0,True
58 HARLEM RD,West,Amherst,0,2,8,1,34.4/4.36,4.2/5.25,10,4139,2006-01-01,34.4,4.36,0.0,4.2,5.25,0,0,0,True
58 HARLEM RD,West,Amherst,0,2,8,2,34.5/4.16,3.75/4.69,0,4139,2006-01-01,34.5,4.16,0.0,3.75,4.69,0,0,0,True
58 HARLEM RD,West,Amherst,0,2,8,1,34.5/4.16,3.75/4.69/5.25,0,4139,2006-01-01,34.5,4.16,0.0,3.75,4.69,5.25,0,0,True
59 PERRY,West,Buffalo,0,3,6,2,23/4.16,2.5/3,9,1057,1957-01-01,23.0,4.16,0.0,2.5,3,0,0,0,True
59 PERRY,West,Buffalo,0,3,6,1,23/4.16,2.5/3.13,0,1057,1957-01-01,23.0,4.16,0.0,2.5,3.13,0,0,0,True
60 HAUSAUER RD,West,Amherst,2,0,7,1,115/13.8,12/16/20,9,5914,1969-11-13,115.0,13.8,0.0,12,16,20,0,0,True
60 HAUSAUER RD,West,Amherst,2,0,7,1,115/13.8,12/16/22.4,0,5914,1969-11-13,115.0,13.8,0.0,12,16,22.4,0,0,True
61 STATION 61,West,Cheektowaga,2,0,6,1,115/4.16,7.5/9.375,8,5751,1957-09-26,115.0,4.16,0.0,7.5,9.375,0,0,0,True
61 STATION 61,West,Cheektowaga,2,0,6,1,115/4.16,7.5/9.4,0,5751,1957-09-26,115.0,4.16,0.0,7.5,9.4,0,0,0,True
63 HIGHLAND,West,Tonawanda,0,3,5,1,22.9/4.36,4.2/5.25,8,3463,2010-04-30,22.9,4.36,0.0,4.2,5.25,0,0,0,True
63 HIGHLAND,West,Tonawanda,0,3,5,2,23/4.16,3.75,0,3463,2010-04-30,23.0,4.16,0.0,3.75,0,0,0,0,True
64 STATION 64,West,Grand Island,2,0,6,1,113/13.8,12,8,5121,1972-05-23,113.0,13.8,0.0,12,0,0,0,0,True
64 STATION 64,West,Grand Island,2,0,6,1,113/13.8,12/16/22.4,0,5121,1972-05-23,113.0,13.8,0.0,12,16,22.4,0,0,True
66 UNION RD & MECHANIC ST,West,Cheektowaga,0,1,1,1,34.5/4.8,1.5,2,230,1959-01-01,34.5,4.8,0.0,1.5,0,0,0,0,True
67 STATION 67,West,Amherst,0,2,2,2,34.5/4.16,3.75,4,902,1958-01-20,34.5,4.16,0.0,3.75,0,0,0,0,True
68 ELMWOOD,West,Buffalo,0,4,10,4,23/4.16,2.5,14,6180,1967-01-01,23.0,4.16,0.0,2.5,0,0,0,0,True
71 S. NEWFANE,West,Newfane,0,2,2,1,34.4/5.04,3.75/4.688,4,1344,2010-03-05,34.4,5.04,0.0,3.75,4.688,0,0,0,True
74 MILITARY,West,Tonawanda,0,7,6,1,23/4.16,2.5/3.12,13,3787,2003-12-30,23.0,4.16,0.0,2.5,3.12,0,0,0,True
74 MILITARY,West,Tonawanda,0,7,6,1,23/4.16,2.5,0,3787,2003-12-30,23.0,4.16,0.0,2.5,0,0,0,0,True
74 MILITARY,West,Tonawanda,0,7,6,1,23/4.16,3,0,3787,2003-12-30,23.0,4.16,0.0,3,0,0,0,0,True
76 SHAWNEE,West,Cambria,2,0,4,1,115/13.8,12/16/20,6,5813,1975-01-01,115.0,13.8,0.0,12,16,20,0,0,True
77 EAST AVE,West,Tonawanda,0,4,5,2,23/4.16,4.725,9,2340,1998-07-01,23.0,4.16,0.0,4.725,0,0,0,0,True
78 FASSETT ST.,West,North Tonawanda,2,7,8,1,115/23,15,17,5260,1968-09-05,115.0,23.0,0.0,15,0,0,0,0,True
78 FASSETT ST.,West,North Tonawanda,2,7,8,1,115/23,15/20,0,5260,1968-09-05,115.0,23.0,0.0,15,20,0,0,0,True
78 FASSETT ST.,West,North Tonawanda,2,7,8,1,115/23,25,0,5260,1968-09-05,115.0,23.0,0.0,25,0,0,0,0,True
78 FASSETT ST.,West,North Tonawanda,2,7,8,1,115/23,30/40/50,0,5260,1968-09-05,115.0,23.0,0.0,30,40,50,0,0,True
78 FASSETT ST.,West,North Tonawanda,2,7,8,2,115/23/4.16,7.5,0,5260,1968-09-05,115.0,23.0,4.16,7.5,0,0,0,0,True
79 RIDGE ST.,West,North Tonawanda,0,3,6,3,23/4.16,2.5,9,2728,1958-01-01,23.0,4.16,0.0,2.5,0,0,0,0,True
80 EIGHTH STREET,West,Niagara Falls,0,3,5,3,12/4.16,3.5,8,1972,1951-01-01,12.0,4.16,0.0,3.5,0,0,0,0,True
81 BEACH AVE,West,Niagara Falls,0,6,7,3,12/4.16,3.5,13,3076,1949-01-01,12.0,4.16,0.0,3.5,0,0,0,0,True
82 11TH ST,West,Niagara Falls,0,6,8,1,12/4.16,3.5,14,4307,2011-11-28,12.0,4.16,0.0,3.5,0,0,0,0,True
82 11TH ST,West,Niagara Falls,0,6,8,2,12/4.16,3.5,0,4307,2011-11-28,12.0,4.16,0.0,3.5,0,0,0,0,True
83 WELCH AVE,West,Niagara Falls,0,8,8,3,12/4.16,3.5,16,4136,1949-01-01,12.0,4.16,0.0,3.5,0,0,0,0,True
85 STEPHENSON AVE,West,Niagara Falls,0,6,8,3,12/4.8,3.5,14,3549,1968-01-01,12.0,4.8,0.0,3.5,0,0,0,0,True
86 LEWISTON HEIGHTS,West,Lewiston,0,2,2,1,34.5/4.8,4.6/5.25,4,909,2004-08-06,34.5,4.8,0.0,4.6,5.25,0,0,0,True
87 LEWISTON,West,Lewiston,0,2,3,1,34.5/4.8,3.75/4.69,5,1355,2005-12-01,34.5,4.8,0.0,3.75,4.69,0,0,0,True
88 YOUNGSTOWN,West,Porter,0,2,2,1,34.4/5.04,3.75/4.688,4,1230,2012-05-30,34.4,5.04,0.0,3.75,4.688,0,0,0,True
89 RANSOMVILLE,West,Wilson,0,2,2,1,34.5/4.8,3.75,4,1833,2004-04-26,34.5,4.8,0.0,3.75,0,0,0,0,True
93 WILSON,West,Wilson,0,2,3,1,34.5/4.8,3.75,5,2129,2013-01-17,34.5,4.8,0.0,3.75,0,0,0,0,True
97 SUMMIT PARK,West,Wheatfield,2,0,8,2,113/13.8,12/16/22.4,10,5767,1971-09-13,113.0,13.8,0.0,12,16,22.4,0,0,True
105 SWANN RD,West,Lewiston,2,0,4,1,115/13.8,15/20/25,6,5979,2007-06-18,115.0,13.8,0.0,15,20,25,0,0,True
105 SWANN RD,West,Lewiston,2,0,4,1,115/13.8,15/20/25,0,5979,2007-06-18,115.0,13.8,0.0,15,20,25,0,0,True
121 CLINTON ST,West,West Seneca,0,2,1,3,34.5/4.8,0.833,3,17,1999-03-01,34.5,4.8,0.0,0.833,0,0,0,0,True
122 SOMMER ST,West,North Tonawanda,0,2,5,1,23/4.16,2.5,7,867,1991-01-01,23.0,4.16,0.0,2.5,0,0,0,0,True
122 SOMMER ST,West,North Tonawanda,0,2,5,3,23/4.16,3.125,0,867,1991-01-01,23.0,4.16,0.0,3.125,0,0,0,0,True
124 ALAMEDA AVE,West,Amherst,0,2,13,4,34.5/4.16,3.75/4.68,15,4172,1962-09-19,34.5,4.16,0.0,3.75,4.68,0,0,0,True
126 STATION 126,West,Tonawanda,0,2,4,2,23/4.16,2.5,6,2300,1974-01-01,23.0,4.16,0.0,2.5,0,0,0,0,True
127 DELAWARE ROAD,West,Tonawanda,0,3,6,2,23/4.16,2.5/3.125,9,3777,1999-10-01,23.0,4.16,0.0,2.5,3.125,0,0,0,True
127 DELAWARE ROAD,West,Tonawanda,0,3,6,1,23/4.16,2.5,0,3777,1999-10-01,23.0,4.16,0.0,2.5,0,0,0,0,True
129 BROMPTON,West,Tonawanda,2,0,7,1,115/4.16,7.5/9.375,9,3222,2010-09-29,115.0,4.16,0.0,7.5,9.375,0,0,0,True
129 BROMPTON,West,Tonawanda,2,0,7,1,115/4.33,7.5/9.375,0,3222,2010-09-29,115.0,4.33,0.0,7.5,9.375,0,0,0,True
130 NIAGARA FALLS BLVD,West,Amherst,2,0,8,2,115/13.8,20/26.7/33.3,10,7144,1993-12-01,115.0,13.8,0.0,20,26.7,33.3,0,0,True
132 BUELL AVE,West,Cheektowaga,0,2,1,1,34.5/4.8,3.75,3,16,1986-01-01,34.5,4.8,0.0,3.75,0,0,0,0,True
138 OAKWOOD,West,Pendleton,1,0,2,1,115/4.8,3.75/4.68,3,994,1952-09-15,115.0,4.8,0.0,3.75,4.68,0,0,0,True
139 MARTIN RD,West,Lackawanna,2,0,6,2,115/4.16,3.75/4.687,8,3105,1952-10-20,115.0,4.16,0.0,3.75,4.687,0,0,0,True
140 MAPLE RD,West,Amherst,2,0,8,2,115/13.8,18/24/33.6,10,8992,1973-09-05,115.0,13.8,0.0,18,24,33.6,0,0,True
146 WALDEN AVE.,West,Cheektowaga,0,1,2,1,34.5/13.8,3.75,3,156,1969-01-01,34.5,13.8,0.0,3.75,0,0,0,0,True
146 WALDEN AVE.,West,Cheektowaga,0,1,2,1,34.5/4.8,1.5,0,156,1969-01-01,34.5,4.8,0.0,1.5,0,0,0,0,True
154 GEORGE URBAN,West,Cheektowaga,2,0,3,2,115/4.16,3.75,5,2154,1954-07-19,115.0,4.16,0.0,3.75,0,0,0,0,True
155 ROBERTS,West,Buffalo,1,0,3,1,115/4.16,7.5,4,2257,1975-01-01,115.0,4.16,0.0,7.5,0,0,0,0,True
160 SUMMER ST.,West,Buffalo,0,6,6,2,23/4.16,3.75,12,1355,2007-04-01,23.0,4.16,0.0,3.75,0,0,0,0,True
160 SUMMER ST.,West,Buffalo,0,6,6,1,23/4.16,4.2/5.25,0,1355,2007-04-01,23.0,4.16,0.0,4.2,5.25,0,0,0,True
161 SHORT STREET,West,Buffalo,0,3,8,3,23/4.16,3.75,11,2748,1993-01-01,23.0,4.16,0.0,3.75,0,0,0,0,True
162 STATION 162,West,Buffalo,0,2,3,1,23/4.16,2.5,5,7,1969-01-01,23.0,4.16,0.0,2.5,0,0,0,0,True
162 STATION 162,West,Buffalo,0,2,3,1,23/4.16,2.8,0,7,1969-01-01,23.0,4.16,0.0,2.8,0,0,0,0,True
170 NEWFANE,West,Newfane,0,2,3,1,34.5/4.8,5.25,5,1919,1972-01-01,34.5,4.8,0.0,5.25,0,0,0,0,True
171 BURT,West,Newfane,0,2,3,1,34.5/4.8,3.75/4.69/5.25,5,1922,1994-01-01,34.5,4.8,0.0,3.75,4.69,5.25,0,0,True
205 ERIE DRIVE,West,Buffalo,0,3,2,4,23/13.8,3.75,5,348,1990-01-01,23.0,13.8,0.0,3.75,0,0,0,0,True
206 TONAWANDA CREEK,West,Amherst,2,0,6,1,115/13.8,15,8,6467,1990-02-01,115.0,13.8,0.0,15,0,0,0,0,True
206 TONAWANDA CREEK,West,Amherst,2,0,6,1,115/13.8,15/20/25,0,6467,1990-02-01,115.0,13.8,0.0,15,20,25,0,0,True
207 SLADE AVE,West,West Seneca,0,0,0,1,34.4/13.8,3.75/4.69,0,7,2004-12-31,34.4,13.8,0.0,3.75,4.69,0,0,0,True
208 STATION 208,West,Buffalo,0,3,6,2,23/4.16,3.75/4.6,9,2533,1993-01-01,23.0,4.16,0.0,3.75,4.6,0,0,0,True
208 STATION 208,West,Buffalo,0,3,6,1,23/4.16,3.75,0,2533,1993-01-01,23.0,4.16,0.0,3.75,0,0,0,0,True
209 LONG ROAD,West,Grand Island,2,0,4,1,115/13.8,15,6,3917,1990-12-01,115.0,13.8,0.0,15,0,0,0,0,True
210 MILITARY RD,West,Niagara Falls,2,0,5,1,115/13.8,20/26.7/33.3,7,5835,1991-05-01,115.0,13.8,0.0,20,26.7,33.3,0,0,True
211 AYER RD,West,Amherst,2,0,8,2,115/13.8,20/26.7/33.3,10,4673,1994-01-07,115.0,13.8,0.0,20,26.7,33.3,0,0,True
212 HARBOR FRONT,West,Lackawanna,2,0,10,2,115/13.8,15,12,3249,2003-06-30,115.0,13.8,0.0,15,0,0,0,0,True
213 DALE RD,West,Cheektowaga,2,0,2,1,115/13.8,7.5/8.4,4,61,1970-08-21,115.0,13.8,0.0,7.5,8.4,0,0,0,True
214 STATION,West,Tonawanda,2,0,5,1,115/4.16,7.5/9.375,7,1934,1975-01-01,115.0,4.16,0.0,7.5,9.375,0,0,0,True
BUFF AVE STA,West,Niagara Falls,2,0,8,1,115/13.8,20/26.7/33.3,10,4304,1992-10-30,115.0,13.8,0.0,20,26.7,33.3,0,0,True
BUFF AVE STA,West,Niagara Falls,2,0,8,1,115/13.8,20,0,4304,1992-10-30,115.0,13.8,0.0,20,0,0,0,0,True
216 LOCKPORT RD,West,Niagara,2,0,4,1,115/13.8,15/20/25,6,3475,1992-06-29,115.0,13.8,0.0,15,20,25,0,0,True
WALMORE,West,Wheatfield,3,0,4,1,115/13.8,12/16/20,7,4976,1972-07-31,115.0,13.8,0.0,12,16,20,0,0,True
224 SWEET HOME,West,Amherst,2,0,8,1,115/13.8,20/26/33,10,4377,2002-05-31,115.0,13.8,0.0,20,26,33,0,0,True
224 SWEET HOME,West,Amherst,2,0,8,1,115/13.8,20/26.6/33.3,0,4377,2002-05-31,115.0,13.8,0.0,20,26.6,33.3,0,0,True
STEAMBURG,West,Coldspring,0,2,2,1,34.5/4.8,1.5,4,774,1952-01-01,34.5,4.8,0.0,1.5,0,0,0,0,True
STILES,Central,Van Buren,0,1,2,1,34.5/4.8,1.667/2.15,3,1076,1960-01-01,34.5,4.8,0.0,1.667,2.15,0,0,0,True
STILES,Central,Van Buren,0,1,2,2,34.5/4.8,1.67/2.15,0,1076,1960-01-01,34.5,4.8,0.0,1.67,2.15,0,0,0,True
STITTVILLE,Central,Marcy,2,0,2,1,115/13.8,7.5/10.5,4,3247,1973-04-05,115.0,13.8,0.0,7.5,10.5,0,0,0,True
STONER,East,Johnstown,2,0,4,1,115/13.8,12/16/20,6,3539,1994-01-01,115.0,13.8,0.0,12,16,20,0,0,True
STOW,West,North Harmony,0,2,1,1,34.5/4.8,2.5,3,1218,1988-01-01,34.5,4.8,0.0,2.5,0,0,0,0,True
STUVESANT,East,Stuyvesant,0,1,2,1,34.4/13.8,10,3,1601,1990-01-01,34.4,13.8,0.0,10,0,0,0,0,True
SUMMIT,East,Richmondville,1,1,1,1,69/23,7.5/8.4/10.5,3,944,1974-01-01,69.0,23.0,0.0,7.5,8.4,10.5,0,0,True
SUMMIT,East,Richmondville,1,1,1,1,69/4.8,7.5/8.4/10.5,0,944,1974-01-01,69.0,4.8,0.0,7.5,8.4,10.5,0,0,True
SUNDAY CREEK,Central,Webb,1,0,1,1,115/13.8,2.5/3.13,2,287,1986-01-01,115.0,13.8,0.0,2.5,3.13,0,0,0,True
SWAGGERTOWN RD,East,Glenville,2,0,3,1,115/13.8,12/16/22.4,5,5637,1969-01-01,115.0,13.8,0.0,12,16,22.4,0,0,True
SYCAWAY,East,Brunswick,2,0,6,1,115/13.8,12/16/22.4,8,7213,2011-11-01,115.0,13.8,0.0,12,16,22.4,0,0,True
SYCAWAY,East,Brunswick,2,0,6,1,115/13.8,15/20/25,0,7213,2011-11-01,115.0,13.8,0.0,15,20,25,0,0,True
EFFLEY FALLS,Central,Croghan,7,5,0,1,115/23,20/26.7/33.3,12,38,1993-01-01,115.0,23.0,0.0,20,26.7,33.3,0,0,True
TEALL SUBSTATION,Central,Salina,9,7,6,3,115/34.5,5/6.67,22,11355,2012-07-09,115.0,34.5,0.0,5,6.67,0,0,0,True
TEALL SUBSTATION,Central,Salina,9,7,6,3,115/34.5,5/6.7,0,11355,2012-07-09,115.0,34.5,0.0,5,6.7,0,0,0,True
TEALL SUBSTATION,Central,Salina,9,7,6,3,115/34.5,5/7,0,11355,2012-07-09,115.0,34.5,0.0,5,7,0,0,0,True
TEALL SUBSTATION,Central,Salina,9,7,6,3,115/34.5,5/7.5,0,11355,2012-07-09,115.0,34.5,0.0,5,7.5,0,0,0,True
TEALL SUBSTATION,Central,Salina,9,7,6,1,115/13.8,24/32/40,0,11355,2012-07-09,115.0,13.8,0.0,24,32,40,0,0,True
TEMPLE ST.,Central,Syracuse,3,0,20,2,115/13.8,24/32/40/44.8,23,7941,1979-01-01,115.0,13.8,0.0,24,32,40,44.8,0,True
TEMPLE ST.,Central,Syracuse,3,0,20,1,115/13.8,26.9/35.8/44.8,0,7941,1979-01-01,115.0,13.8,0.0,26.9,35.8,44.8,0,0,True
TERMINA,Central,Utica,2,0,11,1,110/13.8,27/36/45,13,9934,1963-05-28,110.0,13.8,0.0,27,36,45,0,0,True
TERMINA,Central,Utica,2,0,11,1,115/13.8,24/32/40,0,9934,1963-05-28,115.0,13.8,0.0,24,32,40,0,0,True
THIRD ST,Central,Fulton,0,1,3,1,34.5/4.8,3.75/4.69,4,2515,1959-01-01,34.5,4.8,0.0,3.75,4.69,0,0,0,True
THOUSAND ISLANDS,Central,Clayton,1,0,6,2,115/13.8,15/20/25,7,10441,1989-01-01,115.0,13.8,0.0,15,20,25,0,0,True
TIBBETS AVE,East,Troy,0,3,3,1,34.5/4.16,5/6.25,6,2299,1954-01-01,34.5,4.16,0.0,5,6.25,0,0,0,True
TRINITY,East,Albany,4,0,14,2,115/13.8,33.6/44.8/56,18,13830,1972-01-01,115.0,13.8,0.0,33.6,44.8,56,0,0,True
TRINITY,East,Albany,4,0,14,1,13.8/4.16,7.5/9.4,0,13830,1972-01-01,13.8,4.16,0.0,7.5,9.4,0,0,0,True
TRUXTON,Central,Truxton,0,1,1,3,34.5/4.8,0.25,2,572,1970-01-01,34.5,4.8,0.0,0.25,0,0,0,0,True
TRUXTON,Central,Truxton,0,1,1,3,34.5/4.8,0.33,0,572,1970-01-01,34.5,4.8,0.0,0.33,0,0,0,0,True
TULLER HILL,Central,Virgil,1,0,1,1,115/13.8,5/6.25,2,394,1966-10-18,115.0,13.8,0.0,5,6.25,0,0,0,True
TULLY CENTER,Central,Tully,1,0,3,1,115/13.8,12/16/20,4,4553,1965-01-01,115.0,13.8,0.0,12,16,20,0,0,True
TURIN RD,Central,Lee,2,0,4,1,115/13.8,15/20/30,6,6653,1987-04-14,115.0,13.8,0.0,15,20,30,0,0,True
UNION,Central,Black Brook,0,4,1,3,46/2.4,1.67,5,27,1992-01-01,46.0,2.4,0.0,1.67,0,0,0,0,True
UNION ST,East,Cambridge,0,1,3,1,34.4/13.8,7.5/9.375,4,3115,1996-01-01,34.4,13.8,0.0,7.5,9.375,0,0,0,True
UNIONVILLE,East,New Scotland,0,1,2,1,34.5/13.8,10/12.5,3,1960,1995-01-01,34.5,13.8,0.0,10,12.5,0,0,0,True
VAIL MILLS,East,Mayfield,2,0,3,1,115/13.8,12/16/20/22.4,5,8127,1972-08-25,115.0,13.8,0.0,12,16,20,22.4,0,True
VAIL MILLS,East,Mayfield,2,0,3,1,115/69/13.8,30/40/50,0,8127,1972-08-25,115.0,69.0,13.8,30,40,50,0,0,True
VAL KIN,East,Kinderhook,2,0,3,1,115/13.8,12/16/20/22.4,5,5524,1977-11-04,115.0,13.8,0.0,12,16,20,22.4,0,True
VALLEY,West,Great Valley,1,0,5,1,115/13.8,15/20/25,6,6184,1992-07-01,115.0,13.8,0.0,15,20,25,0,0,True
VALLEY,West,Great Valley,1,0,5,1,115/13.8,20/26.7/33.3,0,6184,1992-07-01,115.0,13.8,0.0,20,26.7,33.3,0,0,True
VALLEY SUBSTATION,Central,Herkimer,2,4,4,2,115/4.16,7.5/9.375,10,1809,1969-08-24,115.0,4.16,0.0,7.5,9.375,0,0,0,True
VALLEY SUBSTATION,Central,Herkimer,2,4,4,2,115/46,7.5/9.375,0,1809,1969-08-24,115.0,46.0,0.0,7.5,9.375,0,0,0,True
VALLEY SUBSTATION,Central,Herkimer,2,4,4,1,115/46,15/20/25,0,1809,1969-08-24,115.0,46.0,0.0,15,20,25,0,0,True
VANDALIA,West,Allegany,0,2,1,1,34.5/13.8,5,3,1133,2002-11-06,34.5,13.8,0.0,5,0,0,0,0,True
VOORHEESVILLE,East,Whitestown,2,0,3,1,115/13.8,15/20/25,5,5844,1993-01-01,115.0,13.8,0.0,15,20,25,0,0,True
WALESVILLE,Central,Whitestown,1,0,3,1,115/13.8,15/20/25,4,5194,1993-12-12,115.0,13.8,0.0,15,20,25,0,0,True
WARRENSBURG,East,Warrensburg,2,3,2,1,115/13.8,10/12.5,7,3660,1981-05-07,115.0,13.8,0.0,10,12.5,0,0,0,True
WARRENSBURG,East,Warrensburg,2,3,2,1,115/34.5,33.6/44.8/56,0,3660,1981-05-07,115.0,34.5,0.0,33.6,44.8,56,0,0,True
WATERPORT,West,Carlton,0,3,3,1,34.5/4.8,3.75,6,2052,1996-01-01,34.5,4.8,0.0,3.75,0,0,0,0,True
WATT ST,East,Rotterdam,0,1,2,1,34.4/13.8,7.5/9.37/10.5,3,3658,1973-01-01,34.4,13.8,0.0,7.5,9.37,10.5,0,0,True
WEAVER ST,East,Schenectady,0,2,2,1,34.5/13.8,10/12.5,4,4969,1995-01-01,34.5,13.8,0.0,10,12.5,0,0,0,True
WEIBEL,East,Saratoga Springs,2,0,8,1,115/13.8,20/26/33,10,7184,2005-07-12,115.0,13.8,0.0,20,26,33,0,0,True
WEIBEL,East,Saratoga Springs,2,0,8,1,115/13.8,20/27/33,0,7184,2005-07-12,115.0,13.8,0.0,20,27,33,0,0,True
WELLS,East,Wells,0,2,1,1,23/4.8,2.5,3,903,1949-01-01,23.0,4.8,0.0,2.5,0,0,0,0,True
WEST ADAMS,Central,Adams,1,0,5,1,115/13.8,15/20/25,6,8611,1981-01-01,115.0,13.8,0.0,15,20,25,0,0,True
W ALBION,West,Albion,0,2,2,1,34.5/13.8,3.75/4.63/5.25,4,975,2012-08-13,34.5,13.8,0.0,3.75,4.63,5.25,0,0,True
W ALBION,West,Albion,0,2,2,1,34.5/13.8,5.6,0,975,2012-08-13,34.5,13.8,0.0,5.6,0,0,0,0,True
WEST CLEVELAND,Central,Constantia,0,1,1,3,34.5/13.8,0.5,2,777,2011-03-10,34.5,13.8,0.0,0.5,0,0,0,0,True
W HAMLIN,West,Hamlin,2,0,4,1,115/13.8,20/26.7/33.3,6,7618,2008-06-05,115.0,13.8,0.0,20,26.7,33.3,0,0,True
WEST HERKIMER,Central,Herkimer,0,1,1,1,46/13.8,5/6.25/7,2,1708,1971-01-01,46.0,13.8,0.0,5,6.25,7,0,0,True
WEST MONROE,Central,West Monroe,0,1,1,1,34.5/13.8,5/6.25/7,2,2242,1969-01-01,34.5,13.8,0.0,5,6.25,7,0,0,True
W. OLEAN,West,Olean,2,0,5,1,113/13.8,13.44/17.92/22.4,7,7825,1971-09-22,113.0,13.8,0.0,13.44,17.92,22.4,0,0,True
W. OLEAN,West,Olean,2,0,5,1,115/13.8,15/20/25,0,7825,1971-09-22,115.0,13.8,0.0,15,20,25,0,0,True
PERRYSBURG,West,Perrysburg,0,1,1,1,34.4/5.04/13.,5,2,887,1993-01-01,34.4,5.04,13.0,5,0,0,0,0,True
WEST SALAMANCA,West,Salamanca,0,3,1,1,34.5/4.8,1.5,4,384,1977-01-01,34.5,4.8,0.0,1.5,0,0,0,0,True
WEST VALLEY,West,Ashford,0,2,2,1,34.5/4.8,2.5,4,1283,1997-01-01,34.5,4.8,0.0,2.5,0,0,0,0,True
WESTVALE,Central,Geddes,0,1,4,1,34.5/4.16,7.5,5,1818,2007-12-09,34.5,4.16,0.0,7.5,0,0,0,0,True
WESTVILLE,Central,Westville,0,1,1,3,34.5/4.8,1.25,2,997,2010-03-19,34.5,4.8,0.0,1.25,0,0,0,0,True
WETHERSFIELD STATION,West,Wethersfield,0,1,2,2,34.5/4.8,1,3,641,2002-01-01,34.5,4.8,0.0,1,0,0,0,0,True
WHITAKER,Central,Volney,1,0,4,1,115/13.8,20/26/33,5,5887,1977-01-01,115.0,13.8,0.0,20,26,33,0,0,True
WHITE LAKE SUBSTATION,Central,Forestport,0,1,1,3,46/4.8,0.5,2,1028,1958-01-01,46.0,4.8,0.0,0.5,0,0,0,0,True
WHITEHALL,West,Whitehall,0,0,0,1,115/13.8,7.5,0,2984,1974-09-01,115.0,13.8,0.0,7.5,0,0,0,0,True
WHITESBORO,Central,Whitestown,0,4,3,1,46/4.16,5/6.25,7,2208,1960-01-01,46.0,4.16,0.0,5,6.25,0,0,0,True
NEW WHITESVILLE,West,Independence,0,1,1,1,34.5/4.8,1.5,2,689,1993-01-01,34.5,4.8,0.0,1.5,0,0,0,0,True
WILTON,East,Wilton,0,2,2,1,34.5/13.8,10/12.5,4,3144,1990-01-01,34.5,13.8,0.0,10,12.5,0,0,0,True
WINE CREEK,Central,Oswego,2,0,4,1,115/13.8,12,6,5882,1981-01-01,115.0,13.8,0.0,12,0,0,0,0,True
WOLF RD.,East,Colonie,2,0,7,1,113/13.8,18/24/30/33.6,9,4185,1973-08-08,113.0,13.8,0.0,18,24,30,33.6,0,True
WOLF RD.,East,Colonie,2,0,7,1,115/13.8,18/24/30/33.6,0,4185,1973-08-08,115.0,13.8,0.0,18,24,30,33.6,0,True
WORCESTER,East,Worcester,0,1,1,1,23/13.8/4.8,4.4/6/7.5,2,1270,1993-01-01,23.0,13.8,4.8,4.4,6,7.5,0,0,True
YAHNUNDASIS (1&2),Central,New Hartford,3,5,5,1,115/13.8,18/24/30,13,5088,1968-09-06,115.0,13.8,0.0,18,24,30,0,0,True
YAHNUNDASIS (1&2),Central,New Hartford,3,5,5,1,115/46,20/26.7,0,5088,1968-09-06,115.0,46.0,0.0,20,26.7,0,0,0,True
YAHNUNDASIS (1&2),Central,New Hartford,3,5,5,1,115/46,21/28/35,0,5088,1968-09-06,115.0,46.0,0.0,21,28,35,0,0,True
YORK CENTER SUBSTATION,West,York,1,0,2,1,69/13.8,8.4/10.5,3,1854,1995-01-01,69.0,13.8,0.0,8.4,10.5,0,0,0,True
